scenario,scenario_number,repeat_seed,model,n_train,n_test,split_stratification_mode,accuracy,precision,recall,f1,roc_auc,pr_auc,rmse,mae,r2
scenario1_majority_ct_only,1,100,Logistic Regression,157,43,target_plus_cohort,0.7441860465116279,0.7222222222222222,0.6842105263157895,0.7027027027027027,0.8771929824561404,0.8808168767107059,,,
scenario1_majority_ct_only,1,100,Random Forest,157,43,target_plus_cohort,0.6744186046511628,0.6666666666666666,0.5263157894736842,0.5882352941176471,0.8092105263157895,0.7823494294834199,,,
scenario1_majority_ct_only,1,100,Gradient Boosting,157,43,target_plus_cohort,0.5813953488372093,0.5384615384615384,0.3684210526315789,0.4375,0.5986842105263157,0.6461240581862178,,,
scenario1_majority_ct_only,1,100,SVM (RBF),157,43,target_plus_cohort,0.6744186046511628,0.6666666666666666,0.5263157894736842,0.5882352941176471,0.7763157894736842,0.7716000603336832,,,
scenario1_majority_ct_only,1,101,Logistic Regression,155,45,target_plus_cohort,0.5777777777777777,0.5294117647058824,0.45,0.4864864864864865,0.732,0.7334352027691593,,,
scenario1_majority_ct_only,1,101,Random Forest,155,45,target_plus_cohort,0.6,0.55,0.55,0.55,0.688,0.6494609598490483,,,
scenario1_majority_ct_only,1,101,Gradient Boosting,155,45,target_plus_cohort,0.6,0.5454545454545454,0.6,0.5714285714285714,0.646,0.6412699390333638,,,
scenario1_majority_ct_only,1,101,SVM (RBF),155,45,target_plus_cohort,0.6444444444444445,0.6,0.6,0.6,0.738,0.7246619347186498,,,
scenario1_majority_ct_only,1,102,Logistic Regression,159,41,target_plus_cohort,0.5609756097560976,0.5,0.3333333333333333,0.4,0.5893719806763286,0.6330670636072115,,,
scenario1_majority_ct_only,1,102,Random Forest,159,41,target_plus_cohort,0.6097560975609756,0.6,0.3333333333333333,0.42857142857142855,0.6908212560386473,0.6783925701496696,,,
scenario1_majority_ct_only,1,102,Gradient Boosting,159,41,target_plus_cohort,0.6585365853658537,0.6666666666666666,0.4444444444444444,0.5333333333333333,0.6884057971014492,0.645557039343589,,,
scenario1_majority_ct_only,1,102,SVM (RBF),159,41,target_plus_cohort,0.6585365853658537,0.6666666666666666,0.4444444444444444,0.5333333333333333,0.6002415458937198,0.6553336655554859,,,
scenario1_majority_ct_only,1,103,Logistic Regression,157,43,target_plus_cohort,0.7674418604651163,0.7368421052631579,0.7368421052631579,0.7368421052631579,0.7631578947368421,0.7361626542910018,,,
scenario1_majority_ct_only,1,103,Random Forest,157,43,target_plus_cohort,0.627906976744186,0.5882352941176471,0.5263157894736842,0.5555555555555556,0.6820175438596491,0.6079529472319282,,,
scenario1_majority_ct_only,1,103,Gradient Boosting,157,43,target_plus_cohort,0.5813953488372093,0.5263157894736842,0.5263157894736842,0.5263157894736842,0.5833333333333333,0.6009610496495306,,,
scenario1_majority_ct_only,1,103,SVM (RBF),157,43,target_plus_cohort,0.6744186046511628,0.6470588235294118,0.5789473684210527,0.6111111111111112,0.7105263157894737,0.7137939917237246,,,
scenario1_majority_ct_only,1,104,Logistic Regression,162,38,target_plus_cohort,0.7894736842105263,0.7272727272727273,0.8888888888888888,0.8,0.9027777777777779,0.8926919993586662,,,
scenario1_majority_ct_only,1,104,Random Forest,162,38,target_plus_cohort,0.7368421052631579,0.6818181818181818,0.8333333333333334,0.75,0.8333333333333334,0.7874634602678978,,,
scenario1_majority_ct_only,1,104,Gradient Boosting,162,38,target_plus_cohort,0.7105263157894737,0.6842105263157895,0.7222222222222222,0.7027027027027027,0.7888888888888889,0.7033462278927122,,,
scenario1_majority_ct_only,1,104,SVM (RBF),162,38,target_plus_cohort,0.7105263157894737,0.7058823529411765,0.6666666666666666,0.6857142857142857,0.8333333333333334,0.8090907648995885,,,
scenario1_majority_ct_only,1,105,Logistic Regression,158,42,target_plus_cohort,0.6904761904761905,0.75,0.47368421052631576,0.5806451612903226,0.7185354691075515,0.6867147534957556,,,
scenario1_majority_ct_only,1,105,Random Forest,158,42,target_plus_cohort,0.7142857142857143,0.7058823529411765,0.631578947368421,0.6666666666666666,0.7643020594965675,0.7901783188700364,,,
scenario1_majority_ct_only,1,105,Gradient Boosting,158,42,target_plus_cohort,0.6904761904761905,0.7142857142857143,0.5263157894736842,0.6060606060606061,0.6453089244851259,0.7052008645274899,,,
scenario1_majority_ct_only,1,105,SVM (RBF),158,42,target_plus_cohort,0.6904761904761905,0.7142857142857143,0.5263157894736842,0.6060606060606061,0.6933638443935928,0.6668712906964214,,,
scenario1_majority_ct_only,1,106,Logistic Regression,158,42,target_plus_cohort,0.6428571428571429,0.625,0.5263157894736842,0.5714285714285714,0.7505720823798626,0.7287117315080276,,,
scenario1_majority_ct_only,1,106,Random Forest,158,42,target_plus_cohort,0.5952380952380952,0.5714285714285714,0.42105263157894735,0.48484848484848486,0.7299771167048055,0.6149661767541024,,,
scenario1_majority_ct_only,1,106,Gradient Boosting,158,42,target_plus_cohort,0.5476190476190477,0.5,0.3157894736842105,0.3870967741935484,0.5812356979405034,0.5356605736728222,,,
scenario1_majority_ct_only,1,106,SVM (RBF),158,42,target_plus_cohort,0.6666666666666666,0.7272727272727273,0.42105263157894735,0.5333333333333333,0.7299771167048055,0.6648723000057859,,,
scenario1_majority_ct_only,1,107,Logistic Regression,158,42,target_plus_cohort,0.7857142857142857,0.7368421052631579,0.7777777777777778,0.7567567567567568,0.8171296296296297,0.8127634579967574,,,
scenario1_majority_ct_only,1,107,Random Forest,158,42,target_plus_cohort,0.6428571428571429,0.5714285714285714,0.6666666666666666,0.6153846153846154,0.6921296296296297,0.5690061496358328,,,
scenario1_majority_ct_only,1,107,Gradient Boosting,158,42,target_plus_cohort,0.5952380952380952,0.5238095238095238,0.6111111111111112,0.5641025641025641,0.6342592592592592,0.5289208493454417,,,
scenario1_majority_ct_only,1,107,SVM (RBF),158,42,target_plus_cohort,0.6428571428571429,0.5789473684210527,0.6111111111111112,0.5945945945945946,0.7268518518518517,0.684784271759863,,,
scenario1_majority_ct_only,1,108,Logistic Regression,159,41,target_plus_cohort,0.7317073170731707,0.875,0.4117647058823529,0.56,0.698529411764706,0.7183246698995585,,,
scenario1_majority_ct_only,1,108,Random Forest,159,41,target_plus_cohort,0.6097560975609756,0.5333333333333333,0.47058823529411764,0.5,0.6862745098039216,0.6250607879146739,,,
scenario1_majority_ct_only,1,108,Gradient Boosting,159,41,target_plus_cohort,0.5853658536585366,0.5,0.4117647058823529,0.45161290322580644,0.6102941176470588,0.5680262951801331,,,
scenario1_majority_ct_only,1,108,SVM (RBF),159,41,target_plus_cohort,0.7073170731707317,0.6470588235294118,0.6470588235294118,0.6470588235294118,0.6666666666666666,0.7403667702595882,,,
scenario1_majority_ct_only,1,109,Logistic Regression,161,39,target_plus_cohort,0.6410256410256411,0.8333333333333334,0.2777777777777778,0.4166666666666667,0.7804232804232805,0.7865865796612923,,,
scenario1_majority_ct_only,1,109,Random Forest,161,39,target_plus_cohort,0.6923076923076923,0.75,0.5,0.6,0.8015873015873016,0.8007396125629289,,,
scenario1_majority_ct_only,1,109,Gradient Boosting,161,39,target_plus_cohort,0.5897435897435898,0.6,0.3333333333333333,0.42857142857142855,0.6084656084656085,0.5419168801515012,,,
scenario1_majority_ct_only,1,109,SVM (RBF),161,39,target_plus_cohort,0.6153846153846154,0.6666666666666666,0.3333333333333333,0.4444444444444444,0.6507936507936508,0.6583788593709948,,,
scenario1_majority_ct_only,1,110,Logistic Regression,163,37,target_plus_cohort,0.6486486486486487,0.6,0.5625,0.5806451612903226,0.7708333333333334,0.7989639037433155,,,
scenario1_majority_ct_only,1,110,Random Forest,163,37,target_plus_cohort,0.5675675675675675,0.5,0.6875,0.5789473684210527,0.5625,0.4406555172516271,,,
scenario1_majority_ct_only,1,110,Gradient Boosting,163,37,target_plus_cohort,0.6486486486486487,0.5652173913043478,0.8125,0.6666666666666666,0.6011904761904763,0.5161939750346459,,,
scenario1_majority_ct_only,1,110,SVM (RBF),163,37,target_plus_cohort,0.5135135135135135,0.4375,0.4375,0.4375,0.5952380952380952,0.5406880076445293,,,
scenario1_majority_ct_only,1,111,Logistic Regression,156,44,target_plus_cohort,0.6363636363636364,0.6363636363636364,0.3684210526315789,0.4666666666666667,0.6905263157894737,0.6524601423174872,,,
scenario1_majority_ct_only,1,111,Random Forest,156,44,target_plus_cohort,0.5681818181818182,0.5,0.3157894736842105,0.3870967741935484,0.5726315789473684,0.5012145784757204,,,
scenario1_majority_ct_only,1,111,Gradient Boosting,156,44,target_plus_cohort,0.5909090909090909,0.5263157894736842,0.5263157894736842,0.5263157894736842,0.5431578947368421,0.5398261069789438,,,
scenario1_majority_ct_only,1,111,SVM (RBF),156,44,target_plus_cohort,0.5909090909090909,0.5384615384615384,0.3684210526315789,0.4375,0.6399999999999999,0.58093082552644,,,
scenario1_majority_ct_only,1,112,Logistic Regression,159,41,target_plus_cohort,0.6585365853658537,0.7142857142857143,0.5,0.5882352941176471,0.6690476190476191,0.6378422662919583,,,
scenario1_majority_ct_only,1,112,Random Forest,159,41,target_plus_cohort,0.5121951219512195,0.5,0.35,0.4117647058823529,0.5952380952380952,0.587506596889794,,,
scenario1_majority_ct_only,1,112,Gradient Boosting,159,41,target_plus_cohort,0.5365853658536586,0.5384615384615384,0.35,0.42424242424242425,0.5166666666666667,0.514734855496952,,,
scenario1_majority_ct_only,1,112,SVM (RBF),159,41,target_plus_cohort,0.6341463414634146,0.6666666666666666,0.5,0.5714285714285714,0.6619047619047619,0.6101248165621009,,,
scenario1_majority_ct_only,1,113,Logistic Regression,157,43,target_plus_cohort,0.5813953488372093,0.5333333333333333,0.42105263157894735,0.47058823529411764,0.6951754385964912,0.6730209599107442,,,
scenario1_majority_ct_only,1,113,Random Forest,157,43,target_plus_cohort,0.46511627906976744,0.35714285714285715,0.2631578947368421,0.30303030303030304,0.6096491228070176,0.562869766137597,,,
scenario1_majority_ct_only,1,113,Gradient Boosting,157,43,target_plus_cohort,0.627906976744186,0.6363636363636364,0.3684210526315789,0.4666666666666667,0.6732456140350878,0.5900366406608835,,,
scenario1_majority_ct_only,1,113,SVM (RBF),157,43,target_plus_cohort,0.6511627906976745,0.6428571428571429,0.47368421052631576,0.5454545454545454,0.6578947368421052,0.5975555838436724,,,
scenario1_majority_ct_only,1,114,Logistic Regression,158,42,target_plus_cohort,0.6190476190476191,0.5833333333333334,0.7,0.6363636363636364,0.6499999999999999,0.6275139935646261,,,
scenario1_majority_ct_only,1,114,Random Forest,158,42,target_plus_cohort,0.5238095238095238,0.5,0.55,0.5238095238095238,0.6227272727272728,0.5714151043382026,,,
scenario1_majority_ct_only,1,114,Gradient Boosting,158,42,target_plus_cohort,0.5476190476190477,0.5263157894736842,0.5,0.5128205128205128,0.5386363636363636,0.5354628304332252,,,
scenario1_majority_ct_only,1,114,SVM (RBF),158,42,target_plus_cohort,0.6190476190476191,0.625,0.5,0.5555555555555556,0.6568181818181817,0.6004250963759103,,,
scenario1_majority_ct_only,1,115,Logistic Regression,159,41,target_plus_cohort,0.5853658536585366,0.5714285714285714,0.42105263157894735,0.48484848484848486,0.679425837320574,0.6908864626951359,,,
scenario1_majority_ct_only,1,115,Random Forest,159,41,target_plus_cohort,0.6341463414634146,0.6111111111111112,0.5789473684210527,0.5945945945945946,0.6866028708133971,0.6023230330788549,,,
scenario1_majority_ct_only,1,115,Gradient Boosting,159,41,target_plus_cohort,0.6341463414634146,0.6,0.631578947368421,0.6153846153846154,0.6363636363636364,0.5842552041321667,,,
scenario1_majority_ct_only,1,115,SVM (RBF),159,41,target_plus_cohort,0.5121951219512195,0.46153846153846156,0.3157894736842105,0.375,0.6866028708133971,0.6314202895388115,,,
scenario1_majority_ct_only,1,116,Logistic Regression,157,43,target_plus_cohort,0.5581395348837209,0.5,0.2631578947368421,0.3448275862068966,0.611842105263158,0.6142585811786319,,,
scenario1_majority_ct_only,1,116,Random Forest,157,43,target_plus_cohort,0.5813953488372093,0.5384615384615384,0.3684210526315789,0.4375,0.618421052631579,0.5831477937553016,,,
scenario1_majority_ct_only,1,116,Gradient Boosting,157,43,target_plus_cohort,0.6046511627906976,0.5625,0.47368421052631576,0.5142857142857142,0.6557017543859649,0.6600131837941434,,,
scenario1_majority_ct_only,1,116,SVM (RBF),157,43,target_plus_cohort,0.627906976744186,0.6,0.47368421052631576,0.5294117647058824,0.5723684210526316,0.609048873382875,,,
scenario1_majority_ct_only,1,117,Logistic Regression,158,42,target_plus_cohort,0.6190476190476191,0.6363636363636364,0.3684210526315789,0.4666666666666667,0.7276887871853547,0.6804049923244968,,,
scenario1_majority_ct_only,1,117,Random Forest,158,42,target_plus_cohort,0.5952380952380952,0.5833333333333334,0.3684210526315789,0.45161290322580644,0.6636155606407323,0.5817689492931581,,,
scenario1_majority_ct_only,1,117,Gradient Boosting,158,42,target_plus_cohort,0.5238095238095238,0.47058823529411764,0.42105263157894735,0.4444444444444444,0.5102974828375286,0.48721135851467606,,,
scenario1_majority_ct_only,1,117,SVM (RBF),158,42,target_plus_cohort,0.6190476190476191,0.6666666666666666,0.3157894736842105,0.42857142857142855,0.6681922196796339,0.6921991253006887,,,
scenario1_majority_ct_only,1,118,Logistic Regression,158,42,target_plus_cohort,0.7142857142857143,0.6875,0.6111111111111112,0.6470588235294118,0.7754629629629629,0.6825319878015956,,,
scenario1_majority_ct_only,1,118,Random Forest,158,42,target_plus_cohort,0.6428571428571429,0.6,0.5,0.5454545454545454,0.7083333333333333,0.5977235262056088,,,
scenario1_majority_ct_only,1,118,Gradient Boosting,158,42,target_plus_cohort,0.5952380952380952,0.5454545454545454,0.3333333333333333,0.41379310344827586,0.7060185185185185,0.6350690379962658,,,
scenario1_majority_ct_only,1,118,SVM (RBF),158,42,target_plus_cohort,0.5952380952380952,0.5714285714285714,0.2222222222222222,0.32,0.7083333333333334,0.6141400950103688,,,
scenario1_majority_ct_only,1,119,Logistic Regression,159,41,target_plus_cohort,0.6829268292682927,0.6875,0.5789473684210527,0.6285714285714286,0.80622009569378,0.8012434780987636,,,
scenario1_majority_ct_only,1,119,Random Forest,159,41,target_plus_cohort,0.6829268292682927,0.6875,0.5789473684210527,0.6285714285714286,0.763157894736842,0.6200172274639023,,,
scenario1_majority_ct_only,1,119,Gradient Boosting,159,41,target_plus_cohort,0.6341463414634146,0.625,0.5263157894736842,0.5714285714285714,0.7009569377990431,0.6487487170452575,,,
scenario1_majority_ct_only,1,119,SVM (RBF),159,41,target_plus_cohort,0.6097560975609756,0.6153846153846154,0.42105263157894735,0.5,0.7559808612440191,0.6657920905681223,,,
scenario1_majority_ct_only,1,120,Logistic Regression,157,43,target_plus_cohort,0.6046511627906976,0.5416666666666666,0.6842105263157895,0.6046511627906976,0.6491228070175438,0.6281693882539165,,,
scenario1_majority_ct_only,1,120,Random Forest,157,43,target_plus_cohort,0.5348837209302325,0.47368421052631576,0.47368421052631576,0.47368421052631576,0.6096491228070176,0.5549858611628654,,,
scenario1_majority_ct_only,1,120,Gradient Boosting,157,43,target_plus_cohort,0.5116279069767442,0.4375,0.3684210526315789,0.4,0.5153508771929824,0.4530455029416598,,,
scenario1_majority_ct_only,1,120,SVM (RBF),157,43,target_plus_cohort,0.6511627906976745,0.6111111111111112,0.5789473684210527,0.5945945945945946,0.6359649122807017,0.6514818684188157,,,
scenario1_majority_ct_only,1,121,Logistic Regression,157,43,target_plus_cohort,0.5348837209302325,0.4782608695652174,0.5789473684210527,0.5238095238095238,0.6469298245614036,0.6577425664695931,,,
scenario1_majority_ct_only,1,121,Random Forest,157,43,target_plus_cohort,0.4883720930232558,0.42857142857142855,0.47368421052631576,0.45,0.5877192982456141,0.5148596534634026,,,
scenario1_majority_ct_only,1,121,Gradient Boosting,157,43,target_plus_cohort,0.4883720930232558,0.44,0.5789473684210527,0.5,0.5285087719298245,0.5073627911768773,,,
scenario1_majority_ct_only,1,121,SVM (RBF),157,43,target_plus_cohort,0.4883720930232558,0.42857142857142855,0.47368421052631576,0.45,0.611842105263158,0.6226155126480737,,,
scenario1_majority_ct_only,1,122,Logistic Regression,160,40,target_plus_cohort,0.55,0.5384615384615384,0.3684210526315789,0.4375,0.6290726817042607,0.6855821680006949,,,
scenario1_majority_ct_only,1,122,Random Forest,160,40,target_plus_cohort,0.475,0.4166666666666667,0.2631578947368421,0.3225806451612903,0.5989974937343359,0.5714100808503331,,,
scenario1_majority_ct_only,1,122,Gradient Boosting,160,40,target_plus_cohort,0.5,0.45454545454545453,0.2631578947368421,0.3333333333333333,0.6090225563909775,0.5713167509753525,,,
scenario1_majority_ct_only,1,122,SVM (RBF),160,40,target_plus_cohort,0.625,0.7,0.3684210526315789,0.4827586206896552,0.6416040100250627,0.6369025434814908,,,
scenario1_majority_ct_only,1,123,Logistic Regression,158,42,target_plus_cohort,0.6190476190476191,0.6153846153846154,0.42105263157894735,0.5,0.585812356979405,0.5988819143651267,,,
scenario1_majority_ct_only,1,123,Random Forest,158,42,target_plus_cohort,0.6190476190476191,0.6153846153846154,0.42105263157894735,0.5,0.711670480549199,0.6359030207618068,,,
scenario1_majority_ct_only,1,123,Gradient Boosting,158,42,target_plus_cohort,0.6666666666666666,0.7272727272727273,0.42105263157894735,0.5333333333333333,0.6224256292906178,0.5683120272676694,,,
scenario1_majority_ct_only,1,123,SVM (RBF),158,42,target_plus_cohort,0.5952380952380952,0.5833333333333334,0.3684210526315789,0.45161290322580644,0.6453089244851258,0.5571081851834373,,,
scenario1_majority_ct_only,1,124,Logistic Regression,155,45,target_plus_cohort,0.8222222222222222,1.0,0.6,0.75,0.818,0.8542074312232484,,,
scenario1_majority_ct_only,1,124,Random Forest,155,45,target_plus_cohort,0.7111111111111111,0.8888888888888888,0.4,0.5517241379310345,0.796,0.7962998707681856,,,
scenario1_majority_ct_only,1,124,Gradient Boosting,155,45,target_plus_cohort,0.6888888888888889,0.75,0.45,0.5625,0.8160000000000001,0.7349313319653077,,,
scenario1_majority_ct_only,1,124,SVM (RBF),155,45,target_plus_cohort,0.7333333333333333,0.8333333333333334,0.5,0.625,0.778,0.8203472997590646,,,
scenario1_majority_ct_only,1,125,Logistic Regression,159,41,target_plus_cohort,0.6341463414634146,0.6,0.35294117647058826,0.4444444444444444,0.7303921568627452,0.6608290165090205,,,
scenario1_majority_ct_only,1,125,Random Forest,159,41,target_plus_cohort,0.6097560975609756,0.5384615384615384,0.4117647058823529,0.4666666666666667,0.696078431372549,0.6235781474752063,,,
scenario1_majority_ct_only,1,125,Gradient Boosting,159,41,target_plus_cohort,0.5853658536585366,0.5,0.4117647058823529,0.45161290322580644,0.6053921568627452,0.5795159591617431,,,
scenario1_majority_ct_only,1,125,SVM (RBF),159,41,target_plus_cohort,0.6829268292682927,0.6428571428571429,0.5294117647058824,0.5806451612903226,0.7083333333333334,0.6250481233992593,,,
scenario1_majority_ct_only,1,126,Logistic Regression,158,42,target_plus_cohort,0.6428571428571429,0.6111111111111112,0.5789473684210527,0.5945945945945946,0.7437070938215102,0.7477313774954686,,,
scenario1_majority_ct_only,1,126,Random Forest,158,42,target_plus_cohort,0.6904761904761905,0.6875,0.5789473684210527,0.6285714285714286,0.7208237986270022,0.6697900501129079,,,
scenario1_majority_ct_only,1,126,Gradient Boosting,158,42,target_plus_cohort,0.6428571428571429,0.6666666666666666,0.42105263157894735,0.5161290322580645,0.6521739130434783,0.5670007427170396,,,
scenario1_majority_ct_only,1,126,SVM (RBF),158,42,target_plus_cohort,0.5952380952380952,0.6,0.3157894736842105,0.41379310344827586,0.717391304347826,0.6233705672947158,,,
scenario1_majority_ct_only,1,127,Logistic Regression,159,41,target_plus_cohort,0.5609756097560976,0.5,0.2777777777777778,0.35714285714285715,0.606280193236715,0.6021059474678159,,,
scenario1_majority_ct_only,1,127,Random Forest,159,41,target_plus_cohort,0.5365853658536586,0.45454545454545453,0.2777777777777778,0.3448275862068966,0.572463768115942,0.4668151346331171,,,
scenario1_majority_ct_only,1,127,Gradient Boosting,159,41,target_plus_cohort,0.4634146341463415,0.25,0.1111111111111111,0.15384615384615385,0.4855072463768116,0.42839446666675735,,,
scenario1_majority_ct_only,1,127,SVM (RBF),159,41,target_plus_cohort,0.6097560975609756,0.6,0.3333333333333333,0.42857142857142855,0.570048309178744,0.49605201209505045,,,
scenario1_majority_ct_only,1,128,Logistic Regression,160,40,target_plus_cohort,0.625,0.5882352941176471,0.5555555555555556,0.5714285714285714,0.6994949494949495,0.6658005340150218,,,
scenario1_majority_ct_only,1,128,Random Forest,160,40,target_plus_cohort,0.6,0.5555555555555556,0.5555555555555556,0.5555555555555556,0.6717171717171717,0.6141224178495984,,,
scenario1_majority_ct_only,1,128,Gradient Boosting,160,40,target_plus_cohort,0.55,0.5,0.5,0.5,0.5732323232323232,0.6192586249732792,,,
scenario1_majority_ct_only,1,128,SVM (RBF),160,40,target_plus_cohort,0.725,0.6842105263157895,0.7222222222222222,0.7027027027027027,0.7373737373737375,0.7299401045832075,,,
scenario1_majority_ct_only,1,129,Logistic Regression,160,40,target_plus_cohort,0.525,0.5,0.3684210526315789,0.42424242424242425,0.4912280701754386,0.641732464809964,,,
scenario1_majority_ct_only,1,129,Random Forest,160,40,target_plus_cohort,0.525,0.5,0.47368421052631576,0.4864864864864865,0.5614035087719298,0.6330525187132738,,,
scenario1_majority_ct_only,1,129,Gradient Boosting,160,40,target_plus_cohort,0.5,0.47058823529411764,0.42105263157894735,0.4444444444444444,0.49999999999999994,0.5444486898936904,,,
scenario1_majority_ct_only,1,129,SVM (RBF),160,40,target_plus_cohort,0.475,0.4375,0.3684210526315789,0.4,0.5012531328320802,0.5987497839580022,,,
scenario3_majority_ct_plus_demo,3,100,Logistic Regression,157,43,target_plus_cohort,0.6976744186046512,0.65,0.6842105263157895,0.6666666666666666,0.8179824561403508,0.8123972032765834,,,
scenario3_majority_ct_plus_demo,3,100,Random Forest,157,43,target_plus_cohort,0.6744186046511628,0.6470588235294118,0.5789473684210527,0.6111111111111112,0.7807017543859649,0.7395572654899278,,,
scenario3_majority_ct_plus_demo,3,100,Gradient Boosting,157,43,target_plus_cohort,0.5348837209302325,0.47058823529411764,0.42105263157894735,0.4444444444444444,0.6359649122807017,0.5593432263797613,,,
scenario3_majority_ct_plus_demo,3,100,SVM (RBF),157,43,target_plus_cohort,0.6744186046511628,0.6666666666666666,0.5263157894736842,0.5882352941176471,0.7521929824561403,0.7822003842707275,,,
scenario3_majority_ct_plus_demo,3,101,Logistic Regression,155,45,target_plus_cohort,0.8222222222222222,0.8,0.8,0.8,0.84,0.7914179587507972,,,
scenario3_majority_ct_plus_demo,3,101,Random Forest,155,45,target_plus_cohort,0.6222222222222222,0.5789473684210527,0.55,0.5641025641025641,0.692,0.5955411456464272,,,
scenario3_majority_ct_plus_demo,3,101,Gradient Boosting,155,45,target_plus_cohort,0.6444444444444445,0.6111111111111112,0.55,0.5789473684210527,0.73,0.7572635496619131,,,
scenario3_majority_ct_plus_demo,3,101,SVM (RBF),155,45,target_plus_cohort,0.7111111111111111,0.7058823529411765,0.6,0.6486486486486487,0.746,0.7123237280862788,,,
scenario3_majority_ct_plus_demo,3,102,Logistic Regression,159,41,target_plus_cohort,0.5853658536585366,0.5555555555555556,0.2777777777777778,0.37037037037037035,0.6207729468599034,0.5519006681808234,,,
scenario3_majority_ct_plus_demo,3,102,Random Forest,159,41,target_plus_cohort,0.6585365853658537,0.75,0.3333333333333333,0.46153846153846156,0.6666666666666666,0.647512638624252,,,
scenario3_majority_ct_plus_demo,3,102,Gradient Boosting,159,41,target_plus_cohort,0.5609756097560976,0.5,0.2222222222222222,0.3076923076923077,0.5869565217391304,0.5160711836794057,,,
scenario3_majority_ct_plus_demo,3,102,SVM (RBF),159,41,target_plus_cohort,0.6097560975609756,0.6,0.3333333333333333,0.42857142857142855,0.608695652173913,0.598694203297698,,,
scenario3_majority_ct_plus_demo,3,103,Logistic Regression,157,43,target_plus_cohort,0.7441860465116279,0.75,0.631578947368421,0.6857142857142857,0.7434210526315789,0.7108411485709041,,,
scenario3_majority_ct_plus_demo,3,103,Random Forest,157,43,target_plus_cohort,0.6976744186046512,0.6666666666666666,0.631578947368421,0.6486486486486487,0.7192982456140351,0.6350600755205911,,,
scenario3_majority_ct_plus_demo,3,103,Gradient Boosting,157,43,target_plus_cohort,0.627906976744186,0.6,0.47368421052631576,0.5294117647058824,0.6600877192982456,0.5957632185919193,,,
scenario3_majority_ct_plus_demo,3,103,SVM (RBF),157,43,target_plus_cohort,0.6046511627906976,0.5714285714285714,0.42105263157894735,0.48484848484848486,0.6732456140350878,0.6451980221694831,,,
scenario3_majority_ct_plus_demo,3,104,Logistic Regression,162,38,target_plus_cohort,0.7631578947368421,0.68,0.9444444444444444,0.7906976744186046,0.952777777777778,0.9578402706111686,,,
scenario3_majority_ct_plus_demo,3,104,Random Forest,162,38,target_plus_cohort,0.7631578947368421,0.6956521739130435,0.8888888888888888,0.7804878048780488,0.8111111111111111,0.696121509695342,,,
scenario3_majority_ct_plus_demo,3,104,Gradient Boosting,162,38,target_plus_cohort,0.7631578947368421,0.6956521739130435,0.8888888888888888,0.7804878048780488,0.8138888888888889,0.7486169975236471,,,
scenario3_majority_ct_plus_demo,3,104,SVM (RBF),162,38,target_plus_cohort,0.7894736842105263,0.7083333333333334,0.9444444444444444,0.8095238095238095,0.8305555555555556,0.7500709217969279,,,
scenario3_majority_ct_plus_demo,3,105,Logistic Regression,158,42,target_plus_cohort,0.7380952380952381,0.75,0.631578947368421,0.6857142857142857,0.8260869565217391,0.7875026979748736,,,
scenario3_majority_ct_plus_demo,3,105,Random Forest,158,42,target_plus_cohort,0.7380952380952381,0.75,0.631578947368421,0.6857142857142857,0.7757437070938215,0.7842660140572852,,,
scenario3_majority_ct_plus_demo,3,105,Gradient Boosting,158,42,target_plus_cohort,0.5952380952380952,0.5625,0.47368421052631576,0.5142857142857142,0.6086956521739131,0.6745287207373714,,,
scenario3_majority_ct_plus_demo,3,105,SVM (RBF),158,42,target_plus_cohort,0.6666666666666666,0.6470588235294118,0.5789473684210527,0.6111111111111112,0.7528604118993135,0.7636141789881401,,,
scenario3_majority_ct_plus_demo,3,106,Logistic Regression,158,42,target_plus_cohort,0.7380952380952381,0.7222222222222222,0.6842105263157895,0.7027027027027027,0.7482837528604119,0.7172950638507913,,,
scenario3_majority_ct_plus_demo,3,106,Random Forest,158,42,target_plus_cohort,0.5714285714285714,0.5384615384615384,0.3684210526315789,0.4375,0.6864988558352403,0.5787723475943921,,,
scenario3_majority_ct_plus_demo,3,106,Gradient Boosting,158,42,target_plus_cohort,0.5476190476190477,0.5,0.3684210526315789,0.42424242424242425,0.4851258581235698,0.4998042234799031,,,
scenario3_majority_ct_plus_demo,3,106,SVM (RBF),158,42,target_plus_cohort,0.6666666666666666,0.7272727272727273,0.42105263157894735,0.5333333333333333,0.6430205949656751,0.6029868652871201,,,
scenario3_majority_ct_plus_demo,3,107,Logistic Regression,158,42,target_plus_cohort,0.8095238095238095,0.7777777777777778,0.7777777777777778,0.7777777777777778,0.8634259259259259,0.8599454543468992,,,
scenario3_majority_ct_plus_demo,3,107,Random Forest,158,42,target_plus_cohort,0.7380952380952381,0.6666666666666666,0.7777777777777778,0.717948717948718,0.7083333333333333,0.6277156245915035,,,
scenario3_majority_ct_plus_demo,3,107,Gradient Boosting,158,42,target_plus_cohort,0.6904761904761905,0.6190476190476191,0.7222222222222222,0.6666666666666666,0.6990740740740742,0.6355848686655323,,,
scenario3_majority_ct_plus_demo,3,107,SVM (RBF),158,42,target_plus_cohort,0.6904761904761905,0.6470588235294118,0.6111111111111112,0.6285714285714286,0.7499999999999999,0.6576807111802868,,,
scenario3_majority_ct_plus_demo,3,108,Logistic Regression,159,41,target_plus_cohort,0.7560975609756098,0.8888888888888888,0.47058823529411764,0.6153846153846154,0.7965686274509804,0.811640164953769,,,
scenario3_majority_ct_plus_demo,3,108,Random Forest,159,41,target_plus_cohort,0.6585365853658537,0.6153846153846154,0.47058823529411764,0.5333333333333333,0.6715686274509803,0.6362719370899053,,,
scenario3_majority_ct_plus_demo,3,108,Gradient Boosting,159,41,target_plus_cohort,0.6585365853658537,0.6,0.5294117647058824,0.5625,0.7034313725490197,0.6891169480269826,,,
scenario3_majority_ct_plus_demo,3,108,SVM (RBF),159,41,target_plus_cohort,0.7317073170731707,0.7142857142857143,0.5882352941176471,0.6451612903225806,0.7132352941176471,0.7668667426781017,,,
scenario3_majority_ct_plus_demo,3,109,Logistic Regression,161,39,target_plus_cohort,0.6666666666666666,0.8571428571428571,0.3333333333333333,0.48,0.8624338624338624,0.8179645699253542,,,
scenario3_majority_ct_plus_demo,3,109,Random Forest,161,39,target_plus_cohort,0.6153846153846154,0.8,0.2222222222222222,0.34782608695652173,0.783068783068783,0.752028689830267,,,
scenario3_majority_ct_plus_demo,3,109,Gradient Boosting,161,39,target_plus_cohort,0.5897435897435898,0.5833333333333334,0.3888888888888889,0.4666666666666667,0.5740740740740741,0.5303088821509874,,,
scenario3_majority_ct_plus_demo,3,109,SVM (RBF),161,39,target_plus_cohort,0.5128205128205128,0.42857142857142855,0.16666666666666666,0.24,0.6335978835978836,0.5936392232638362,,,
scenario3_majority_ct_plus_demo,3,110,Logistic Regression,163,37,target_plus_cohort,0.7567567567567568,0.7333333333333333,0.6875,0.7096774193548387,0.7767857142857143,0.7861187237973762,,,
scenario3_majority_ct_plus_demo,3,110,Random Forest,163,37,target_plus_cohort,0.5675675675675675,0.5,0.5625,0.5294117647058824,0.5982142857142857,0.469243542380834,,,
scenario3_majority_ct_plus_demo,3,110,Gradient Boosting,163,37,target_plus_cohort,0.5135135135135135,0.45,0.5625,0.5,0.5386904761904762,0.4396003658429407,,,
scenario3_majority_ct_plus_demo,3,110,SVM (RBF),163,37,target_plus_cohort,0.6216216216216216,0.5714285714285714,0.5,0.5333333333333333,0.6190476190476191,0.5268477908361275,,,
scenario3_majority_ct_plus_demo,3,111,Logistic Regression,156,44,target_plus_cohort,0.75,0.75,0.631578947368421,0.6857142857142857,0.8273684210526315,0.7951249905460105,,,
scenario3_majority_ct_plus_demo,3,111,Random Forest,156,44,target_plus_cohort,0.5909090909090909,0.5294117647058824,0.47368421052631576,0.5,0.5978947368421053,0.5097502222779581,,,
scenario3_majority_ct_plus_demo,3,111,Gradient Boosting,156,44,target_plus_cohort,0.6590909090909091,0.625,0.5263157894736842,0.5714285714285714,0.6378947368421052,0.5739353131800315,,,
scenario3_majority_ct_plus_demo,3,111,SVM (RBF),156,44,target_plus_cohort,0.7045454545454546,0.6666666666666666,0.631578947368421,0.6486486486486487,0.6757894736842106,0.6129890749085796,,,
scenario3_majority_ct_plus_demo,3,112,Logistic Regression,159,41,target_plus_cohort,0.5609756097560976,0.5714285714285714,0.4,0.47058823529411764,0.6714285714285715,0.6689235395985995,,,
scenario3_majority_ct_plus_demo,3,112,Random Forest,159,41,target_plus_cohort,0.4878048780487805,0.46153846153846156,0.3,0.36363636363636365,0.5595238095238095,0.5521196355704518,,,
scenario3_majority_ct_plus_demo,3,112,Gradient Boosting,159,41,target_plus_cohort,0.43902439024390244,0.4,0.3,0.34285714285714286,0.5238095238095238,0.5267585911291187,,,
scenario3_majority_ct_plus_demo,3,112,SVM (RBF),159,41,target_plus_cohort,0.5365853658536586,0.5333333333333333,0.4,0.45714285714285713,0.6095238095238096,0.5962205811698347,,,
scenario3_majority_ct_plus_demo,3,113,Logistic Regression,157,43,target_plus_cohort,0.6744186046511628,0.631578947368421,0.631578947368421,0.631578947368421,0.7214912280701754,0.739275652070954,,,
scenario3_majority_ct_plus_demo,3,113,Random Forest,157,43,target_plus_cohort,0.5581395348837209,0.5,0.3157894736842105,0.3870967741935484,0.6535087719298245,0.6075468265631856,,,
scenario3_majority_ct_plus_demo,3,113,Gradient Boosting,157,43,target_plus_cohort,0.5581395348837209,0.5,0.3684210526315789,0.42424242424242425,0.6293859649122807,0.565237010650913,,,
scenario3_majority_ct_plus_demo,3,113,SVM (RBF),157,43,target_plus_cohort,0.6046511627906976,0.5714285714285714,0.42105263157894735,0.48484848484848486,0.6052631578947367,0.6267709967319817,,,
scenario3_majority_ct_plus_demo,3,114,Logistic Regression,158,42,target_plus_cohort,0.6190476190476191,0.5909090909090909,0.65,0.6190476190476191,0.709090909090909,0.753711453250927,,,
scenario3_majority_ct_plus_demo,3,114,Random Forest,158,42,target_plus_cohort,0.5714285714285714,0.55,0.55,0.55,0.6204545454545455,0.570524971411531,,,
scenario3_majority_ct_plus_demo,3,114,Gradient Boosting,158,42,target_plus_cohort,0.6190476190476191,0.6111111111111112,0.55,0.5789473684210527,0.6454545454545454,0.6873008631553257,,,
scenario3_majority_ct_plus_demo,3,114,SVM (RBF),158,42,target_plus_cohort,0.5952380952380952,0.5789473684210527,0.55,0.5641025641025641,0.6727272727272727,0.6472913969562356,,,
scenario3_majority_ct_plus_demo,3,115,Logistic Regression,159,41,target_plus_cohort,0.5853658536585366,0.5555555555555556,0.5263157894736842,0.5405405405405406,0.5980861244019139,0.5782260854661865,,,
scenario3_majority_ct_plus_demo,3,115,Random Forest,159,41,target_plus_cohort,0.6341463414634146,0.6666666666666666,0.42105263157894735,0.5161290322580645,0.6507177033492823,0.6203294546870397,,,
scenario3_majority_ct_plus_demo,3,115,Gradient Boosting,159,41,target_plus_cohort,0.5365853658536586,0.5,0.42105263157894735,0.45714285714285713,0.5717703349282297,0.5849898315404758,,,
scenario3_majority_ct_plus_demo,3,115,SVM (RBF),159,41,target_plus_cohort,0.5609756097560976,0.5384615384615384,0.3684210526315789,0.4375,0.6507177033492823,0.6216831139772059,,,
scenario3_majority_ct_plus_demo,3,116,Logistic Regression,157,43,target_plus_cohort,0.5348837209302325,0.45454545454545453,0.2631578947368421,0.3333333333333333,0.6820175438596491,0.6682477998717344,,,
scenario3_majority_ct_plus_demo,3,116,Random Forest,157,43,target_plus_cohort,0.5813953488372093,0.5333333333333333,0.42105263157894735,0.47058823529411764,0.6337719298245614,0.6362332445545174,,,
scenario3_majority_ct_plus_demo,3,116,Gradient Boosting,157,43,target_plus_cohort,0.627906976744186,0.6,0.47368421052631576,0.5294117647058824,0.6206140350877193,0.6065295998943212,,,
scenario3_majority_ct_plus_demo,3,116,SVM (RBF),157,43,target_plus_cohort,0.6046511627906976,0.5833333333333334,0.3684210526315789,0.45161290322580644,0.6337719298245614,0.6767796645930859,,,
scenario3_majority_ct_plus_demo,3,117,Logistic Regression,158,42,target_plus_cohort,0.7857142857142857,0.75,0.7894736842105263,0.7692307692307693,0.7848970251716247,0.7377417041871059,,,
scenario3_majority_ct_plus_demo,3,117,Random Forest,158,42,target_plus_cohort,0.6190476190476191,0.6153846153846154,0.42105263157894735,0.5,0.7070938215102975,0.6117232941332664,,,
scenario3_majority_ct_plus_demo,3,117,Gradient Boosting,158,42,target_plus_cohort,0.5714285714285714,0.5294117647058824,0.47368421052631576,0.5,0.597254004576659,0.5168280453487076,,,
scenario3_majority_ct_plus_demo,3,117,SVM (RBF),158,42,target_plus_cohort,0.7619047619047619,0.8461538461538461,0.5789473684210527,0.6875,0.7803203661327232,0.7826024533170077,,,
scenario3_majority_ct_plus_demo,3,118,Logistic Regression,158,42,target_plus_cohort,0.6904761904761905,0.7272727272727273,0.4444444444444444,0.5517241379310345,0.7939814814814814,0.7716532703813406,,,
scenario3_majority_ct_plus_demo,3,118,Random Forest,158,42,target_plus_cohort,0.6428571428571429,0.6153846153846154,0.4444444444444444,0.5161290322580645,0.6527777777777778,0.5966871671093683,,,
scenario3_majority_ct_plus_demo,3,118,Gradient Boosting,158,42,target_plus_cohort,0.5952380952380952,0.5714285714285714,0.2222222222222222,0.32,0.5763888888888888,0.5617470041320617,,,
scenario3_majority_ct_plus_demo,3,118,SVM (RBF),158,42,target_plus_cohort,0.6190476190476191,0.5833333333333334,0.3888888888888889,0.4666666666666667,0.6944444444444445,0.6748876380161148,,,
scenario3_majority_ct_plus_demo,3,119,Logistic Regression,159,41,target_plus_cohort,0.7317073170731707,0.7,0.7368421052631579,0.717948717948718,0.8253588516746412,0.8310758841732231,,,
scenario3_majority_ct_plus_demo,3,119,Random Forest,159,41,target_plus_cohort,0.6341463414634146,0.6428571428571429,0.47368421052631576,0.5454545454545454,0.8110047846889952,0.730531982038932,,,
scenario3_majority_ct_plus_demo,3,119,Gradient Boosting,159,41,target_plus_cohort,0.6341463414634146,0.6,0.631578947368421,0.6153846153846154,0.7033492822966507,0.6786180793677625,,,
scenario3_majority_ct_plus_demo,3,119,SVM (RBF),159,41,target_plus_cohort,0.6341463414634146,0.6666666666666666,0.42105263157894735,0.5161290322580645,0.8157894736842104,0.7799528566160441,,,
scenario3_majority_ct_plus_demo,3,120,Logistic Regression,157,43,target_plus_cohort,0.627906976744186,0.5789473684210527,0.5789473684210527,0.5789473684210527,0.6842105263157895,0.7329239414202415,,,
scenario3_majority_ct_plus_demo,3,120,Random Forest,157,43,target_plus_cohort,0.5581395348837209,0.5,0.5263157894736842,0.5128205128205128,0.6293859649122806,0.5869950349171915,,,
scenario3_majority_ct_plus_demo,3,120,Gradient Boosting,157,43,target_plus_cohort,0.5116279069767442,0.4444444444444444,0.42105263157894735,0.43243243243243246,0.46710526315789475,0.4415390935953284,,,
scenario3_majority_ct_plus_demo,3,120,SVM (RBF),157,43,target_plus_cohort,0.627906976744186,0.5882352941176471,0.5263157894736842,0.5555555555555556,0.6469298245614036,0.6769901086655119,,,
scenario3_majority_ct_plus_demo,3,121,Logistic Regression,157,43,target_plus_cohort,0.5581395348837209,0.5,0.6842105263157895,0.5777777777777777,0.6228070175438597,0.6832113849487571,,,
scenario3_majority_ct_plus_demo,3,121,Random Forest,157,43,target_plus_cohort,0.5581395348837209,0.5,0.5789473684210527,0.5365853658536586,0.5614035087719298,0.5142103903114369,,,
scenario3_majority_ct_plus_demo,3,121,Gradient Boosting,157,43,target_plus_cohort,0.4418604651162791,0.4,0.5263157894736842,0.45454545454545453,0.5657894736842105,0.6236282800586597,,,
scenario3_majority_ct_plus_demo,3,121,SVM (RBF),157,43,target_plus_cohort,0.5348837209302325,0.47368421052631576,0.47368421052631576,0.47368421052631576,0.5789473684210527,0.6351872369115521,,,
scenario3_majority_ct_plus_demo,3,122,Logistic Regression,160,40,target_plus_cohort,0.625,0.7,0.3684210526315789,0.4827586206896552,0.6766917293233083,0.6599116659547456,,,
scenario3_majority_ct_plus_demo,3,122,Random Forest,160,40,target_plus_cohort,0.55,0.5714285714285714,0.21052631578947367,0.3076923076923077,0.6591478696741855,0.5648225218941332,,,
scenario3_majority_ct_plus_demo,3,122,Gradient Boosting,160,40,target_plus_cohort,0.525,0.5,0.21052631578947367,0.2962962962962963,0.5714285714285714,0.5605395200103,,,
scenario3_majority_ct_plus_demo,3,122,SVM (RBF),160,40,target_plus_cohort,0.475,0.375,0.15789473684210525,0.2222222222222222,0.5739348370927319,0.5614236046694903,,,
scenario3_majority_ct_plus_demo,3,123,Logistic Regression,158,42,target_plus_cohort,0.5952380952380952,0.5625,0.47368421052631576,0.5142857142857142,0.5835240274599542,0.5612908767548657,,,
scenario3_majority_ct_plus_demo,3,123,Random Forest,158,42,target_plus_cohort,0.6190476190476191,0.6153846153846154,0.42105263157894735,0.5,0.7254004576659039,0.6441357936495236,,,
scenario3_majority_ct_plus_demo,3,123,Gradient Boosting,158,42,target_plus_cohort,0.6190476190476191,0.6153846153846154,0.42105263157894735,0.5,0.6384439359267734,0.6073515896230577,,,
scenario3_majority_ct_plus_demo,3,123,SVM (RBF),158,42,target_plus_cohort,0.5952380952380952,0.5833333333333334,0.3684210526315789,0.45161290322580644,0.6361556064073227,0.5784320758205842,,,
scenario3_majority_ct_plus_demo,3,124,Logistic Regression,155,45,target_plus_cohort,0.8444444444444444,0.9333333333333333,0.7,0.8,0.88,0.8954462742694835,,,
scenario3_majority_ct_plus_demo,3,124,Random Forest,155,45,target_plus_cohort,0.7555555555555555,0.9090909090909091,0.5,0.6451612903225806,0.836,0.8508225817758928,,,
scenario3_majority_ct_plus_demo,3,124,Gradient Boosting,155,45,target_plus_cohort,0.8222222222222222,0.9285714285714286,0.65,0.7647058823529411,0.84,0.8450262094931216,,,
scenario3_majority_ct_plus_demo,3,124,SVM (RBF),155,45,target_plus_cohort,0.7777777777777778,0.8571428571428571,0.6,0.7058823529411765,0.7919999999999999,0.8363418863981136,,,
scenario3_majority_ct_plus_demo,3,125,Logistic Regression,159,41,target_plus_cohort,0.5609756097560976,0.4444444444444444,0.23529411764705882,0.3076923076923077,0.6715686274509803,0.5976296035086732,,,
scenario3_majority_ct_plus_demo,3,125,Random Forest,159,41,target_plus_cohort,0.6341463414634146,0.5833333333333334,0.4117647058823529,0.4827586206896552,0.7107843137254901,0.6464741032279409,,,
scenario3_majority_ct_plus_demo,3,125,Gradient Boosting,159,41,target_plus_cohort,0.6341463414634146,0.5714285714285714,0.47058823529411764,0.5161290322580645,0.6495098039215688,0.5907222905341731,,,
scenario3_majority_ct_plus_demo,3,125,SVM (RBF),159,41,target_plus_cohort,0.6097560975609756,0.5333333333333333,0.47058823529411764,0.5,0.678921568627451,0.592393693037615,,,
scenario3_majority_ct_plus_demo,3,126,Logistic Regression,158,42,target_plus_cohort,0.6904761904761905,0.75,0.47368421052631576,0.5806451612903226,0.7597254004576659,0.7350937969095399,,,
scenario3_majority_ct_plus_demo,3,126,Random Forest,158,42,target_plus_cohort,0.6428571428571429,0.6666666666666666,0.42105263157894735,0.5161290322580645,0.6727688787185354,0.6630596992098858,,,
scenario3_majority_ct_plus_demo,3,126,Gradient Boosting,158,42,target_plus_cohort,0.5714285714285714,0.5384615384615384,0.3684210526315789,0.4375,0.5949656750572082,0.6116827380900485,,,
scenario3_majority_ct_plus_demo,3,126,SVM (RBF),158,42,target_plus_cohort,0.5476190476190477,0.5,0.2631578947368421,0.3448275862068966,0.631578947368421,0.5781947343879807,,,
scenario3_majority_ct_plus_demo,3,127,Logistic Regression,159,41,target_plus_cohort,0.5853658536585366,0.5454545454545454,0.3333333333333333,0.41379310344827586,0.6956521739130435,0.6478158816587609,,,
scenario3_majority_ct_plus_demo,3,127,Random Forest,159,41,target_plus_cohort,0.5365853658536586,0.45454545454545453,0.2777777777777778,0.3448275862068966,0.5748792270531401,0.47084682338533435,,,
scenario3_majority_ct_plus_demo,3,127,Gradient Boosting,159,41,target_plus_cohort,0.5853658536585366,0.6,0.16666666666666666,0.2608695652173913,0.5507246376811593,0.5159343174797606,,,
scenario3_majority_ct_plus_demo,3,127,SVM (RBF),159,41,target_plus_cohort,0.5609756097560976,0.5,0.3888888888888889,0.4375,0.5628019323671498,0.5636841072481986,,,
scenario3_majority_ct_plus_demo,3,128,Logistic Regression,160,40,target_plus_cohort,0.675,0.6923076923076923,0.5,0.5806451612903226,0.755050505050505,0.7108228805994506,,,
scenario3_majority_ct_plus_demo,3,128,Random Forest,160,40,target_plus_cohort,0.55,0.5,0.5,0.5,0.6868686868686869,0.6372077372291902,,,
scenario3_majority_ct_plus_demo,3,128,Gradient Boosting,160,40,target_plus_cohort,0.525,0.4444444444444444,0.2222222222222222,0.2962962962962963,0.5126262626262627,0.5597938176652013,,,
scenario3_majority_ct_plus_demo,3,128,SVM (RBF),160,40,target_plus_cohort,0.675,0.6666666666666666,0.5555555555555556,0.6060606060606061,0.7676767676767676,0.7167145875334505,,,
scenario3_majority_ct_plus_demo,3,129,Logistic Regression,160,40,target_plus_cohort,0.5,0.45454545454545453,0.2631578947368421,0.3333333333333333,0.481203007518797,0.530918774085896,,,
scenario3_majority_ct_plus_demo,3,129,Random Forest,160,40,target_plus_cohort,0.475,0.4166666666666667,0.2631578947368421,0.3225806451612903,0.4411027568922306,0.4876047606052087,,,
scenario3_majority_ct_plus_demo,3,129,Gradient Boosting,160,40,target_plus_cohort,0.425,0.35714285714285715,0.2631578947368421,0.30303030303030304,0.30576441102756896,0.3827783561097407,,,
scenario3_majority_ct_plus_demo,3,129,SVM (RBF),160,40,target_plus_cohort,0.475,0.4,0.21052631578947367,0.27586206896551724,0.3709273182957394,0.4462835942574108,,,
scenario4_majority_demo_only,4,100,Logistic Regression,157,43,target_plus_cohort,0.5348837209302325,0.47368421052631576,0.47368421052631576,0.47368421052631576,0.6469298245614035,0.6260138547222618,,,
scenario4_majority_demo_only,4,100,Random Forest,157,43,target_plus_cohort,0.4883720930232558,0.4117647058823529,0.3684210526315789,0.3888888888888889,0.493421052631579,0.5695450423821747,,,
scenario4_majority_demo_only,4,100,Gradient Boosting,157,43,target_plus_cohort,0.46511627906976744,0.35714285714285715,0.2631578947368421,0.30303030303030304,0.4298245614035088,0.4969352291136919,,,
scenario4_majority_demo_only,4,100,SVM (RBF),157,43,target_plus_cohort,0.6511627906976745,0.7,0.3684210526315789,0.4827586206896552,0.5614035087719298,0.6638926726537168,,,
scenario4_majority_demo_only,4,101,Logistic Regression,155,45,target_plus_cohort,0.7111111111111111,0.7692307692307693,0.5,0.6060606060606061,0.904,0.856350588583729,,,
scenario4_majority_demo_only,4,101,Random Forest,155,45,target_plus_cohort,0.6444444444444445,0.75,0.3,0.42857142857142855,0.6720000000000002,0.6744367783428546,,,
scenario4_majority_demo_only,4,101,Gradient Boosting,155,45,target_plus_cohort,0.5555555555555556,0.5,0.2,0.2857142857142857,0.512,0.5759886404639666,,,
scenario4_majority_demo_only,4,101,SVM (RBF),155,45,target_plus_cohort,0.7111111111111111,0.7692307692307693,0.5,0.6060606060606061,0.652,0.6656079714010749,,,
scenario4_majority_demo_only,4,102,Logistic Regression,159,41,target_plus_cohort,0.4634146341463415,0.25,0.1111111111111111,0.15384615384615385,0.5024154589371981,0.4534448591359161,,,
scenario4_majority_demo_only,4,102,Random Forest,159,41,target_plus_cohort,0.43902439024390244,0.2222222222222222,0.1111111111111111,0.14814814814814814,0.4492753623188406,0.4242707148270496,,,
scenario4_majority_demo_only,4,102,Gradient Boosting,159,41,target_plus_cohort,0.5365853658536586,0.47058823529411764,0.4444444444444444,0.45714285714285713,0.5386473429951691,0.5111532114028868,,,
scenario4_majority_demo_only,4,102,SVM (RBF),159,41,target_plus_cohort,0.5609756097560976,0.5,0.2222222222222222,0.3076923076923077,0.6376811594202898,0.5274624295457628,,,
scenario4_majority_demo_only,4,103,Logistic Regression,157,43,target_plus_cohort,0.5348837209302325,0.4,0.10526315789473684,0.16666666666666666,0.6557017543859649,0.5954394536356407,,,
scenario4_majority_demo_only,4,103,Random Forest,157,43,target_plus_cohort,0.627906976744186,0.6666666666666666,0.3157894736842105,0.42857142857142855,0.6096491228070176,0.5390884178060849,,,
scenario4_majority_demo_only,4,103,Gradient Boosting,157,43,target_plus_cohort,0.6744186046511628,0.6666666666666666,0.5263157894736842,0.5882352941176471,0.6995614035087719,0.6428304208082601,,,
scenario4_majority_demo_only,4,103,SVM (RBF),157,43,target_plus_cohort,0.5348837209302325,0.4444444444444444,0.21052631578947367,0.2857142857142857,0.4758771929824562,0.4623317995329118,,,
scenario4_majority_demo_only,4,104,Logistic Regression,162,38,target_plus_cohort,0.6842105263157895,0.6363636363636364,0.7777777777777778,0.7,0.8861111111111111,0.8927425955686827,,,
scenario4_majority_demo_only,4,104,Random Forest,162,38,target_plus_cohort,0.6052631578947368,0.5714285714285714,0.6666666666666666,0.6153846153846154,0.5527777777777778,0.5098332894474297,,,
scenario4_majority_demo_only,4,104,Gradient Boosting,162,38,target_plus_cohort,0.5,0.47058823529411764,0.4444444444444444,0.45714285714285713,0.4777777777777778,0.45326523037554256,,,
scenario4_majority_demo_only,4,104,SVM (RBF),162,38,target_plus_cohort,0.6842105263157895,0.65,0.7222222222222222,0.6842105263157895,0.7444444444444445,0.6464955693450317,,,
scenario4_majority_demo_only,4,105,Logistic Regression,158,42,target_plus_cohort,0.6190476190476191,0.5652173913043478,0.6842105263157895,0.6190476190476191,0.702517162471396,0.652920754328201,,,
scenario4_majority_demo_only,4,105,Random Forest,158,42,target_plus_cohort,0.4523809523809524,0.375,0.3157894736842105,0.34285714285714286,0.5881006864988558,0.5280641853808179,,,
scenario4_majority_demo_only,4,105,Gradient Boosting,158,42,target_plus_cohort,0.4523809523809524,0.3333333333333333,0.21052631578947367,0.25806451612903225,0.391304347826087,0.41475245997866594,,,
scenario4_majority_demo_only,4,105,SVM (RBF),158,42,target_plus_cohort,0.7142857142857143,0.6842105263157895,0.6842105263157895,0.6842105263157895,0.7459954233409611,0.7344843888869051,,,
scenario4_majority_demo_only,4,106,Logistic Regression,158,42,target_plus_cohort,0.5952380952380952,0.5714285714285714,0.42105263157894735,0.48484848484848486,0.5766590389016018,0.549298070350702,,,
scenario4_majority_demo_only,4,106,Random Forest,158,42,target_plus_cohort,0.5952380952380952,0.5714285714285714,0.42105263157894735,0.48484848484848486,0.5675057208237987,0.5313772119693172,,,
scenario4_majority_demo_only,4,106,Gradient Boosting,158,42,target_plus_cohort,0.5476190476190477,0.5,0.3157894736842105,0.3870967741935484,0.5995423340961099,0.5929331354657741,,,
scenario4_majority_demo_only,4,106,SVM (RBF),158,42,target_plus_cohort,0.5,0.45454545454545453,0.5263157894736842,0.4878048780487805,0.5125858123569793,0.4882876895342269,,,
scenario4_majority_demo_only,4,107,Logistic Regression,158,42,target_plus_cohort,0.5952380952380952,0.5714285714285714,0.2222222222222222,0.32,0.8032407407407407,0.7175146512103034,,,
scenario4_majority_demo_only,4,107,Random Forest,158,42,target_plus_cohort,0.5714285714285714,0.5,0.5,0.5,0.6388888888888888,0.6352161668781584,,,
scenario4_majority_demo_only,4,107,Gradient Boosting,158,42,target_plus_cohort,0.6190476190476191,0.55,0.6111111111111112,0.5789473684210527,0.5694444444444444,0.5235161352808412,,,
scenario4_majority_demo_only,4,107,SVM (RBF),158,42,target_plus_cohort,0.5952380952380952,0.5454545454545454,0.3333333333333333,0.41379310344827586,0.6319444444444444,0.5475948108026407,,,
scenario4_majority_demo_only,4,108,Logistic Regression,159,41,target_plus_cohort,0.6829268292682927,0.6666666666666666,0.47058823529411764,0.5517241379310345,0.7549019607843137,0.7493182623617407,,,
scenario4_majority_demo_only,4,108,Random Forest,159,41,target_plus_cohort,0.6341463414634146,0.5625,0.5294117647058824,0.5454545454545454,0.6225490196078431,0.5272654757775865,,,
scenario4_majority_demo_only,4,108,Gradient Boosting,159,41,target_plus_cohort,0.4878048780487805,0.3888888888888889,0.4117647058823529,0.4,0.48039215686274506,0.4196703623174211,,,
scenario4_majority_demo_only,4,108,SVM (RBF),159,41,target_plus_cohort,0.6341463414634146,0.5555555555555556,0.5882352941176471,0.5714285714285714,0.6421568627450981,0.6102771352947027,,,
scenario4_majority_demo_only,4,109,Logistic Regression,161,39,target_plus_cohort,0.6153846153846154,0.6363636363636364,0.3888888888888889,0.4827586206896552,0.7433862433862434,0.7043564460231126,,,
scenario4_majority_demo_only,4,109,Random Forest,161,39,target_plus_cohort,0.5641025641025641,0.5454545454545454,0.3333333333333333,0.41379310344827586,0.6375661375661376,0.583731511928443,,,
scenario4_majority_demo_only,4,109,Gradient Boosting,161,39,target_plus_cohort,0.5128205128205128,0.46153846153846156,0.3333333333333333,0.3870967741935484,0.544973544973545,0.5062382895716229,,,
scenario4_majority_demo_only,4,109,SVM (RBF),161,39,target_plus_cohort,0.6153846153846154,0.6666666666666666,0.3333333333333333,0.4444444444444444,0.7195767195767195,0.648900379455935,,,
scenario4_majority_demo_only,4,110,Logistic Regression,163,37,target_plus_cohort,0.6216216216216216,0.5833333333333334,0.4375,0.5,0.6964285714285714,0.6877850537225537,,,
scenario4_majority_demo_only,4,110,Random Forest,163,37,target_plus_cohort,0.5405405405405406,0.47368421052631576,0.5625,0.5142857142857142,0.5535714285714286,0.5147064858599238,,,
scenario4_majority_demo_only,4,110,Gradient Boosting,163,37,target_plus_cohort,0.5945945945945946,0.5333333333333333,0.5,0.5161290322580645,0.5684523809523809,0.5846355405935495,,,
scenario4_majority_demo_only,4,110,SVM (RBF),163,37,target_plus_cohort,0.6486486486486487,0.6153846153846154,0.5,0.5517241379310345,0.6785714285714286,0.6277034972196263,,,
scenario4_majority_demo_only,4,111,Logistic Regression,156,44,target_plus_cohort,0.7954545454545454,0.75,0.7894736842105263,0.7692307692307693,0.8042105263157895,0.695140586243731,,,
scenario4_majority_demo_only,4,111,Random Forest,156,44,target_plus_cohort,0.6363636363636364,0.5789473684210527,0.5789473684210527,0.5789473684210527,0.6968421052631578,0.6486642356611397,,,
scenario4_majority_demo_only,4,111,Gradient Boosting,156,44,target_plus_cohort,0.5909090909090909,0.5384615384615384,0.3684210526315789,0.4375,0.5747368421052632,0.49974916514962275,,,
scenario4_majority_demo_only,4,111,SVM (RBF),156,44,target_plus_cohort,0.7954545454545454,0.75,0.7894736842105263,0.7692307692307693,0.8084210526315789,0.7818906669525865,,,
scenario4_majority_demo_only,4,112,Logistic Regression,159,41,target_plus_cohort,0.4878048780487805,0.46153846153846156,0.3,0.36363636363636365,0.6190476190476191,0.6710378025528112,,,
scenario4_majority_demo_only,4,112,Random Forest,159,41,target_plus_cohort,0.5609756097560976,0.5714285714285714,0.4,0.47058823529411764,0.5142857142857142,0.5229338051009877,,,
scenario4_majority_demo_only,4,112,Gradient Boosting,159,41,target_plus_cohort,0.43902439024390244,0.36363636363636365,0.2,0.25806451612903225,0.40476190476190477,0.44576011955322303,,,
scenario4_majority_demo_only,4,112,SVM (RBF),159,41,target_plus_cohort,0.6097560975609756,0.625,0.5,0.5555555555555556,0.6428571428571429,0.6170816561606035,,,
scenario4_majority_demo_only,4,113,Logistic Regression,157,43,target_plus_cohort,0.5581395348837209,0.5,0.47368421052631576,0.4864864864864865,0.5767543859649122,0.5653965409852536,,,
scenario4_majority_demo_only,4,113,Random Forest,157,43,target_plus_cohort,0.4883720930232558,0.42857142857142855,0.47368421052631576,0.45,0.4780701754385965,0.4386656295840767,,,
scenario4_majority_demo_only,4,113,Gradient Boosting,157,43,target_plus_cohort,0.3953488372093023,0.23076923076923078,0.15789473684210525,0.1875,0.4122807017543859,0.3981337098010418,,,
scenario4_majority_demo_only,4,113,SVM (RBF),157,43,target_plus_cohort,0.5581395348837209,0.5,0.5789473684210527,0.5365853658536586,0.5285087719298246,0.5135290817665359,,,
scenario4_majority_demo_only,4,114,Logistic Regression,158,42,target_plus_cohort,0.5476190476190477,0.5263157894736842,0.5,0.5128205128205128,0.6,0.6536376540954545,,,
scenario4_majority_demo_only,4,114,Random Forest,158,42,target_plus_cohort,0.5238095238095238,0.5,0.4,0.4444444444444444,0.5409090909090909,0.5715601062227749,,,
scenario4_majority_demo_only,4,114,Gradient Boosting,158,42,target_plus_cohort,0.5238095238095238,0.5,0.4,0.4444444444444444,0.5590909090909092,0.5843164149371046,,,
scenario4_majority_demo_only,4,114,SVM (RBF),158,42,target_plus_cohort,0.5476190476190477,0.5217391304347826,0.6,0.5581395348837209,0.5909090909090909,0.6031798489858933,,,
scenario4_majority_demo_only,4,115,Logistic Regression,159,41,target_plus_cohort,0.43902439024390244,0.375,0.3157894736842105,0.34285714285714286,0.4545454545454546,0.505243619616307,,,
scenario4_majority_demo_only,4,115,Random Forest,159,41,target_plus_cohort,0.36585365853658536,0.26666666666666666,0.21052631578947367,0.23529411764705882,0.4569377990430622,0.5077347687641806,,,
scenario4_majority_demo_only,4,115,Gradient Boosting,159,41,target_plus_cohort,0.4146341463414634,0.35294117647058826,0.3157894736842105,0.3333333333333333,0.4904306220095694,0.4765793182076099,,,
scenario4_majority_demo_only,4,115,SVM (RBF),159,41,target_plus_cohort,0.4146341463414634,0.2727272727272727,0.15789473684210525,0.2,0.48325358851674644,0.4581688403751301,,,
scenario4_majority_demo_only,4,116,Logistic Regression,157,43,target_plus_cohort,0.6744186046511628,0.7777777777777778,0.3684210526315789,0.5,0.7017543859649124,0.6971012380809811,,,
scenario4_majority_demo_only,4,116,Random Forest,157,43,target_plus_cohort,0.5813953488372093,0.5555555555555556,0.2631578947368421,0.35714285714285715,0.5964912280701755,0.5467238835659888,,,
scenario4_majority_demo_only,4,116,Gradient Boosting,157,43,target_plus_cohort,0.6744186046511628,0.7272727272727273,0.42105263157894735,0.5333333333333333,0.5723684210526316,0.5558462425232036,,,
scenario4_majority_demo_only,4,116,SVM (RBF),157,43,target_plus_cohort,0.5581395348837209,0.5,0.21052631578947367,0.2962962962962963,0.6798245614035088,0.6295506315059843,,,
scenario4_majority_demo_only,4,117,Logistic Regression,158,42,target_plus_cohort,0.8095238095238095,0.8235294117647058,0.7368421052631579,0.7777777777777778,0.7871853546910755,0.6968543687194269,,,
scenario4_majority_demo_only,4,117,Random Forest,158,42,target_plus_cohort,0.7142857142857143,0.7692307692307693,0.5263157894736842,0.625,0.8398169336384439,0.8020359646345865,,,
scenario4_majority_demo_only,4,117,Gradient Boosting,158,42,target_plus_cohort,0.6428571428571429,0.75,0.3157894736842105,0.4444444444444444,0.7231121281464531,0.7355251538539351,,,
scenario4_majority_demo_only,4,117,SVM (RBF),158,42,target_plus_cohort,0.7142857142857143,0.64,0.8421052631578947,0.7272727272727273,0.8192219679633868,0.8229825901652528,,,
scenario4_majority_demo_only,4,118,Logistic Regression,158,42,target_plus_cohort,0.6190476190476191,0.5625,0.5,0.5294117647058824,0.6851851851851851,0.7440496232162899,,,
scenario4_majority_demo_only,4,118,Random Forest,158,42,target_plus_cohort,0.5238095238095238,0.4166666666666667,0.2777777777777778,0.3333333333333333,0.5694444444444444,0.5136819511819513,,,
scenario4_majority_demo_only,4,118,Gradient Boosting,158,42,target_plus_cohort,0.5238095238095238,0.25,0.05555555555555555,0.09090909090909091,0.4652777777777778,0.44261644716366083,,,
scenario4_majority_demo_only,4,118,SVM (RBF),158,42,target_plus_cohort,0.6190476190476191,0.5833333333333334,0.3888888888888889,0.4666666666666667,0.5763888888888888,0.6132054528395992,,,
scenario4_majority_demo_only,4,119,Logistic Regression,159,41,target_plus_cohort,0.7073170731707317,0.6666666666666666,0.7368421052631579,0.7,0.7535885167464115,0.7520129238465953,,,
scenario4_majority_demo_only,4,119,Random Forest,159,41,target_plus_cohort,0.6097560975609756,0.5789473684210527,0.5789473684210527,0.5789473684210527,0.6746411483253588,0.7259647720005777,,,
scenario4_majority_demo_only,4,119,Gradient Boosting,159,41,target_plus_cohort,0.6585365853658537,0.6470588235294118,0.5789473684210527,0.6111111111111112,0.6818181818181819,0.623284578532756,,,
scenario4_majority_demo_only,4,119,SVM (RBF),159,41,target_plus_cohort,0.6341463414634146,0.5909090909090909,0.6842105263157895,0.6341463414634146,0.6961722488038278,0.6493513250092198,,,
scenario4_majority_demo_only,4,120,Logistic Regression,157,43,target_plus_cohort,0.5348837209302325,0.47058823529411764,0.42105263157894735,0.4444444444444444,0.6206140350877193,0.6850421672128014,,,
scenario4_majority_demo_only,4,120,Random Forest,157,43,target_plus_cohort,0.5813953488372093,0.5333333333333333,0.42105263157894735,0.47058823529411764,0.4758771929824561,0.47613723136168956,,,
scenario4_majority_demo_only,4,120,Gradient Boosting,157,43,target_plus_cohort,0.46511627906976744,0.4,0.42105263157894735,0.41025641025641024,0.4539473684210526,0.5984933384894575,,,
scenario4_majority_demo_only,4,120,SVM (RBF),157,43,target_plus_cohort,0.5813953488372093,0.5333333333333333,0.42105263157894735,0.47058823529411764,0.5679824561403509,0.5943195272796352,,,
scenario4_majority_demo_only,4,121,Logistic Regression,157,43,target_plus_cohort,0.37209302325581395,0.3181818181818182,0.3684210526315789,0.34146341463414637,0.4978070175438596,0.5343690666059087,,,
scenario4_majority_demo_only,4,121,Random Forest,157,43,target_plus_cohort,0.4418604651162791,0.35294117647058826,0.3157894736842105,0.3333333333333333,0.519736842105263,0.5511701913940632,,,
scenario4_majority_demo_only,4,121,Gradient Boosting,157,43,target_plus_cohort,0.46511627906976744,0.3333333333333333,0.21052631578947367,0.25806451612903225,0.5219298245614035,0.5687110944542694,,,
scenario4_majority_demo_only,4,121,SVM (RBF),157,43,target_plus_cohort,0.4186046511627907,0.35,0.3684210526315789,0.358974358974359,0.5723684210526316,0.6195546389094776,,,
scenario4_majority_demo_only,4,122,Logistic Regression,160,40,target_plus_cohort,0.6,0.6,0.47368421052631576,0.5294117647058824,0.5864661654135338,0.5726560333371479,,,
scenario4_majority_demo_only,4,122,Random Forest,160,40,target_plus_cohort,0.425,0.3,0.15789473684210525,0.20689655172413793,0.4786967418546366,0.507104313469517,,,
scenario4_majority_demo_only,4,122,Gradient Boosting,160,40,target_plus_cohort,0.5,0.45454545454545453,0.2631578947368421,0.3333333333333333,0.5238095238095238,0.5889066910599607,,,
scenario4_majority_demo_only,4,122,SVM (RBF),160,40,target_plus_cohort,0.475,0.4166666666666667,0.2631578947368421,0.3225806451612903,0.4135338345864662,0.5352695064582542,,,
scenario4_majority_demo_only,4,123,Logistic Regression,158,42,target_plus_cohort,0.6428571428571429,0.7,0.3684210526315789,0.4827586206896552,0.620137299771167,0.5613916914396979,,,
scenario4_majority_demo_only,4,123,Random Forest,158,42,target_plus_cohort,0.6190476190476191,0.6,0.47368421052631576,0.5294117647058824,0.6567505720823799,0.546761903268789,,,
scenario4_majority_demo_only,4,123,Gradient Boosting,158,42,target_plus_cohort,0.6904761904761905,0.6875,0.5789473684210527,0.6285714285714286,0.7231121281464532,0.605878186141344,,,
scenario4_majority_demo_only,4,123,SVM (RBF),158,42,target_plus_cohort,0.5952380952380952,0.625,0.2631578947368421,0.37037037037037035,0.6521739130434783,0.6747958991688097,,,
scenario4_majority_demo_only,4,124,Logistic Regression,155,45,target_plus_cohort,0.8,0.8235294117647058,0.7,0.7567567567567568,0.804,0.8113970723697385,,,
scenario4_majority_demo_only,4,124,Random Forest,155,45,target_plus_cohort,0.6888888888888889,0.7142857142857143,0.5,0.5882352941176471,0.668,0.6962665993318868,,,
scenario4_majority_demo_only,4,124,Gradient Boosting,155,45,target_plus_cohort,0.5333333333333333,0.46153846153846156,0.3,0.36363636363636365,0.5800000000000001,0.5446285912443428,,,
scenario4_majority_demo_only,4,124,SVM (RBF),155,45,target_plus_cohort,0.7111111111111111,0.7058823529411765,0.6,0.6486486486486487,0.704,0.7264250478203965,,,
scenario4_majority_demo_only,4,125,Logistic Regression,159,41,target_plus_cohort,0.5121951219512195,0.2857142857142857,0.11764705882352941,0.16666666666666666,0.5,0.4857049018403963,,,
scenario4_majority_demo_only,4,125,Random Forest,159,41,target_plus_cohort,0.5121951219512195,0.4117647058823529,0.4117647058823529,0.4117647058823529,0.5661764705882353,0.5812657699854932,,,
scenario4_majority_demo_only,4,125,Gradient Boosting,159,41,target_plus_cohort,0.4878048780487805,0.35714285714285715,0.29411764705882354,0.3225806451612903,0.49264705882352944,0.5201098389299925,,,
scenario4_majority_demo_only,4,125,SVM (RBF),159,41,target_plus_cohort,0.3902439024390244,0.21428571428571427,0.17647058823529413,0.1935483870967742,0.463235294117647,0.39499243446611865,,,
scenario4_majority_demo_only,4,126,Logistic Regression,158,42,target_plus_cohort,0.6190476190476191,0.6363636363636364,0.3684210526315789,0.4666666666666667,0.6750572082379863,0.6556102995731478,,,
scenario4_majority_demo_only,4,126,Random Forest,158,42,target_plus_cohort,0.6190476190476191,0.6363636363636364,0.3684210526315789,0.4666666666666667,0.5652173913043478,0.5862359443998965,,,
scenario4_majority_demo_only,4,126,Gradient Boosting,158,42,target_plus_cohort,0.5238095238095238,0.45454545454545453,0.2631578947368421,0.3333333333333333,0.4919908466819223,0.46910040709992284,,,
scenario4_majority_demo_only,4,126,SVM (RBF),158,42,target_plus_cohort,0.5714285714285714,0.5555555555555556,0.2631578947368421,0.35714285714285715,0.5743707093821511,0.5420900319188018,,,
scenario4_majority_demo_only,4,127,Logistic Regression,159,41,target_plus_cohort,0.5853658536585366,0.5238095238095238,0.6111111111111112,0.5641025641025641,0.6183574879227054,0.6089457299983616,,,
scenario4_majority_demo_only,4,127,Random Forest,159,41,target_plus_cohort,0.4146341463414634,0.3125,0.2777777777777778,0.29411764705882354,0.36714975845410636,0.37564377772711105,,,
scenario4_majority_demo_only,4,127,Gradient Boosting,159,41,target_plus_cohort,0.4146341463414634,0.35,0.3888888888888889,0.3684210526315789,0.3840579710144928,0.40180985158520466,,,
scenario4_majority_demo_only,4,127,SVM (RBF),159,41,target_plus_cohort,0.5365853658536586,0.47368421052631576,0.5,0.4864864864864865,0.5917874396135266,0.5166780021824986,,,
scenario4_majority_demo_only,4,128,Logistic Regression,160,40,target_plus_cohort,0.525,0.45454545454545453,0.2777777777777778,0.3448275862068966,0.7272727272727272,0.5861235477603762,,,
scenario4_majority_demo_only,4,128,Random Forest,160,40,target_plus_cohort,0.45,0.0,0.0,0.0,0.5378787878787878,0.46117724867724863,,,
scenario4_majority_demo_only,4,128,Gradient Boosting,160,40,target_plus_cohort,0.45,0.25,0.1111111111111111,0.15384615384615385,0.4595959595959596,0.4297241235078689,,,
scenario4_majority_demo_only,4,128,SVM (RBF),160,40,target_plus_cohort,0.575,0.5555555555555556,0.2777777777777778,0.37037037037037035,0.6161616161616161,0.532497386418955,,,
scenario4_majority_demo_only,4,129,Logistic Regression,160,40,target_plus_cohort,0.425,0.3333333333333333,0.21052631578947367,0.25806451612903225,0.4636591478696742,0.45919330779622247,,,
scenario4_majority_demo_only,4,129,Random Forest,160,40,target_plus_cohort,0.375,0.2,0.10526315789473684,0.13793103448275862,0.3107769423558897,0.3964108144856067,,,
scenario4_majority_demo_only,4,129,Gradient Boosting,160,40,target_plus_cohort,0.35,0.0,0.0,0.0,0.14035087719298245,0.338585865897141,,,
scenario4_majority_demo_only,4,129,SVM (RBF),160,40,target_plus_cohort,0.425,0.375,0.3157894736842105,0.34285714285714286,0.48621553884711777,0.4653509590970891,,,
scenario2_vote_fraction_ct_only,2,100,Linear Regression,157,43,target_plus_cohort,0.627906976744186,0.5789473684210527,0.5789473684210527,0.5789473684210527,0.736842105263158,,0.2975571940669527,0.23514787831064723,0.23973226948712578
scenario2_vote_fraction_ct_only,2,100,Random Forest Regressor,157,43,target_plus_cohort,0.627906976744186,0.5882352941176471,0.5263157894736842,0.5555555555555556,0.6710526315789473,,0.32106641478842696,0.264361617280222,0.11485299367622648
scenario2_vote_fraction_ct_only,2,100,Gradient Boosting Regressor,157,43,target_plus_cohort,0.5348837209302325,0.46153846153846156,0.3157894736842105,0.375,0.6469298245614035,,0.3176367170411168,0.2688149325885847,0.13366263619471086
scenario2_vote_fraction_ct_only,2,100,SVR (RBF),157,43,target_plus_cohort,0.6046511627906976,0.5714285714285714,0.42105263157894735,0.48484848484848486,0.6469298245614035,,0.3309406516714847,0.27236858338379183,0.059571280635047574
scenario2_vote_fraction_ct_only,2,101,Linear Regression,161,39,target_plus_cohort,0.5128205128205128,0.5,0.5789473684210527,0.5365853658536586,0.5921052631578947,,0.31988678150574124,0.28074021247529257,0.08923155216385437
scenario2_vote_fraction_ct_only,2,101,Random Forest Regressor,161,39,target_plus_cohort,0.5641025641025641,0.5714285714285714,0.42105263157894735,0.48484848484848486,0.5815789473684211,,0.34854285281887154,0.3040582651757865,-0.08125405989437473
scenario2_vote_fraction_ct_only,2,101,Gradient Boosting Regressor,161,39,target_plus_cohort,0.4358974358974359,0.4117647058823529,0.3684210526315789,0.3888888888888889,0.5289473684210526,,0.39305460056369795,0.34195964266804013,-0.3750584392220291
scenario2_vote_fraction_ct_only,2,101,SVR (RBF),161,39,target_plus_cohort,0.5897435897435898,0.5789473684210527,0.5789473684210527,0.5789473684210527,0.6289473684210526,,0.3426846202152912,0.28477107089581716,-0.04521254885012693
scenario2_vote_fraction_ct_only,2,102,Linear Regression,156,44,target_plus_cohort,0.5,0.3888888888888889,0.3888888888888889,0.3888888888888889,0.5534188034188033,,0.35751195299492045,0.2743656669351155,-0.1979801047943177
scenario2_vote_fraction_ct_only,2,102,Random Forest Regressor,156,44,target_plus_cohort,0.5681818181818182,0.45454545454545453,0.2777777777777778,0.3448275862068966,0.6068376068376069,,0.33189699392165734,0.27736507088590423,-0.032464458494583015
scenario2_vote_fraction_ct_only,2,102,Gradient Boosting Regressor,156,44,target_plus_cohort,0.5227272727272727,0.38461538461538464,0.2777777777777778,0.3225806451612903,0.5512820512820513,,0.3615725495506362,0.3073379755553853,-0.22534780120863251
scenario2_vote_fraction_ct_only,2,102,SVR (RBF),156,44,target_plus_cohort,0.5454545454545454,0.4166666666666667,0.2777777777777778,0.3333333333333333,0.5405982905982907,,0.34239999762374224,0.27745946242239505,-0.09884384178945638
scenario2_vote_fraction_ct_only,2,103,Linear Regression,162,38,target_plus_cohort,0.6842105263157895,0.8571428571428571,0.35294117647058826,0.5,0.6554621848739497,,0.3168005671202509,0.2593182800015684,0.06097023695971715
scenario2_vote_fraction_ct_only,2,103,Random Forest Regressor,162,38,target_plus_cohort,0.6842105263157895,0.8571428571428571,0.35294117647058826,0.5,0.7759103641456583,,0.26808667056418545,0.2188977151303002,0.32755324960926235
scenario2_vote_fraction_ct_only,2,103,Gradient Boosting Regressor,162,38,target_plus_cohort,0.6578947368421053,0.7,0.4117647058823529,0.5185185185185185,0.7142857142857144,,0.28841885724496324,0.23671588908894403,0.22168614683979948
scenario2_vote_fraction_ct_only,2,103,SVR (RBF),162,38,target_plus_cohort,0.6578947368421053,0.8333333333333334,0.29411764705882354,0.43478260869565216,0.7142857142857143,,0.29516827374491944,0.24290227965906866,0.1848325914377813
scenario2_vote_fraction_ct_only,2,104,Linear Regression,156,44,target_plus_cohort,0.7045454545454546,0.7333333333333333,0.55,0.6285714285714286,0.7854166666666668,,0.275629282903778,0.22424954537190847,0.33945736338585697
scenario2_vote_fraction_ct_only,2,104,Random Forest Regressor,156,44,target_plus_cohort,0.6363636363636364,0.6666666666666666,0.4,0.5,0.6479166666666667,,0.30256935526727397,0.2634423357576766,0.20402390531477976
scenario2_vote_fraction_ct_only,2,104,Gradient Boosting Regressor,156,44,target_plus_cohort,0.6363636363636364,0.6666666666666666,0.4,0.5,0.7083333333333333,,0.3026928803721625,0.25855238094106814,0.20337385203442748
scenario2_vote_fraction_ct_only,2,104,SVR (RBF),156,44,target_plus_cohort,0.6136363636363636,0.6666666666666666,0.3,0.41379310344827586,0.6583333333333333,,0.3016572885972869,0.2602302574130699,0.2088154616938045
scenario2_vote_fraction_ct_only,2,105,Linear Regression,158,42,target_plus_cohort,0.6904761904761905,0.6842105263157895,0.65,0.6666666666666666,0.7363636363636363,,0.29448153418088185,0.24563445186557467,0.21775182886153588
scenario2_vote_fraction_ct_only,2,105,Random Forest Regressor,158,42,target_plus_cohort,0.7380952380952381,0.8,0.6,0.6857142857142857,0.7659090909090908,,0.2808308276956082,0.24314604985134866,0.2885932487057017
scenario2_vote_fraction_ct_only,2,105,Gradient Boosting Regressor,158,42,target_plus_cohort,0.6666666666666666,0.6666666666666666,0.6,0.631578947368421,0.7613636363636364,,0.2771834337812374,0.23263045523904907,0.30695256019048855
scenario2_vote_fraction_ct_only,2,105,SVR (RBF),158,42,target_plus_cohort,0.6666666666666666,0.65,0.65,0.65,0.7840909090909092,,0.3097513168264483,0.2503255588476684,0.13452456619016429
scenario2_vote_fraction_ct_only,2,106,Linear Regression,157,43,target_plus_cohort,0.6976744186046512,0.7333333333333333,0.55,0.6285714285714286,0.7847826086956521,,0.2810536509803097,0.23539887473753904,0.3015452678792194
scenario2_vote_fraction_ct_only,2,106,Random Forest Regressor,157,43,target_plus_cohort,0.6976744186046512,0.7333333333333333,0.55,0.6285714285714286,0.7586956521739131,,0.2757963277177285,0.2367529126773313,0.32743113340032315
scenario2_vote_fraction_ct_only,2,106,Gradient Boosting Regressor,157,43,target_plus_cohort,0.6511627906976745,0.6666666666666666,0.5,0.5714285714285714,0.6826086956521739,,0.2986327398290209,0.24851824416889462,0.21144018980420576
scenario2_vote_fraction_ct_only,2,106,SVR (RBF),157,43,target_plus_cohort,0.6511627906976745,0.6923076923076923,0.45,0.5454545454545454,0.7402173913043478,,0.3040806300062753,0.2562359634686689,0.18240671803476838
scenario2_vote_fraction_ct_only,2,107,Linear Regression,160,40,target_plus_cohort,0.55,0.5,0.4444444444444444,0.47058823529411764,0.5429292929292929,,0.3320108350932951,0.28247930156972983,0.03447128800571808
scenario2_vote_fraction_ct_only,2,107,Random Forest Regressor,160,40,target_plus_cohort,0.7,0.75,0.5,0.6,0.7398989898989898,,0.2803239000185955,0.2353475052339637,0.31169498754771807
scenario2_vote_fraction_ct_only,2,107,Gradient Boosting Regressor,160,40,target_plus_cohort,0.6,0.5833333333333334,0.3888888888888889,0.4666666666666667,0.702020202020202,,0.305678699496142,0.25216994678213417,0.18155211101618085
scenario2_vote_fraction_ct_only,2,107,SVR (RBF),160,40,target_plus_cohort,0.65,0.6428571428571429,0.5,0.5625,0.7171717171717171,,0.29098718604957546,0.23711554499043927,0.258333934787881
scenario2_vote_fraction_ct_only,2,108,Linear Regression,161,39,target_plus_cohort,0.6410256410256411,0.7,0.3888888888888889,0.5,0.7275132275132276,,0.3234379033845039,0.28116676701592286,0.10385811840665926
scenario2_vote_fraction_ct_only,2,108,Random Forest Regressor,161,39,target_plus_cohort,0.5897435897435898,0.625,0.2777777777777778,0.38461538461538464,0.6772486772486772,,0.3312739723352385,0.27110656524545407,0.05990968326751467
scenario2_vote_fraction_ct_only,2,108,Gradient Boosting Regressor,161,39,target_plus_cohort,0.6923076923076923,0.7142857142857143,0.5555555555555556,0.625,0.7354497354497355,,0.3126744919916334,0.25029476123368904,0.16250956752745216
scenario2_vote_fraction_ct_only,2,108,SVR (RBF),161,39,target_plus_cohort,0.5897435897435898,0.625,0.2777777777777778,0.38461538461538464,0.6507936507936508,,0.3614481052567143,0.29279225552939503,-0.1191462748513965
scenario2_vote_fraction_ct_only,2,109,Linear Regression,159,41,target_plus_cohort,0.6341463414634146,0.6,0.5,0.5454545454545454,0.7053140096618357,,0.3176761699447581,0.2600872330252395,0.13151838710113095
scenario2_vote_fraction_ct_only,2,109,Random Forest Regressor,159,41,target_plus_cohort,0.6341463414634146,0.6,0.5,0.5454545454545454,0.7367149758454106,,0.30852211840368604,0.2624902860614242,0.18084900799335335
scenario2_vote_fraction_ct_only,2,109,Gradient Boosting Regressor,159,41,target_plus_cohort,0.5121951219512195,0.4166666666666667,0.2777777777777778,0.3333333333333333,0.606280193236715,,0.35901535723644523,0.30204498490105425,-0.10921926758962663
scenario2_vote_fraction_ct_only,2,109,SVR (RBF),159,41,target_plus_cohort,0.6585365853658537,0.6666666666666666,0.4444444444444444,0.5333333333333333,0.6545893719806763,,0.3142711049107075,0.26357506654582064,0.15003653756586743
scenario2_vote_fraction_ct_only,2,110,Linear Regression,158,42,target_plus_cohort,0.6190476190476191,0.5882352941176471,0.5263157894736842,0.5555555555555556,0.6967963386727688,,0.3499767452639781,0.29103635655031607,-0.01437223476948768
scenario2_vote_fraction_ct_only,2,110,Random Forest Regressor,158,42,target_plus_cohort,0.5238095238095238,0.47368421052631576,0.47368421052631576,0.47368421052631576,0.5995423340961099,,0.38214775310772664,0.31887364491251036,-0.20943239803812652
scenario2_vote_fraction_ct_only,2,110,Gradient Boosting Regressor,158,42,target_plus_cohort,0.5476190476190477,0.5,0.42105263157894735,0.45714285714285713,0.5995423340961099,,0.3746681983957807,0.30622140606106607,-0.16255267925090666
scenario2_vote_fraction_ct_only,2,110,SVR (RBF),158,42,target_plus_cohort,0.6190476190476191,0.5882352941176471,0.5263157894736842,0.5555555555555556,0.6659038901601831,,0.37174049068333087,0.3121083065733953,-0.14445497942434304
scenario2_vote_fraction_ct_only,2,111,Linear Regression,159,41,target_plus_cohort,0.4878048780487805,0.4166666666666667,0.2631578947368421,0.3225806451612903,0.5717703349282297,,0.34797838450781987,0.28928407924066407,-0.19112796918400798
scenario2_vote_fraction_ct_only,2,111,Random Forest Regressor,159,41,target_plus_cohort,0.6097560975609756,0.6666666666666666,0.3157894736842105,0.42857142857142855,0.5669856459330143,,0.35745529159688705,0.296564023374999,-0.25689022443922127
scenario2_vote_fraction_ct_only,2,111,Gradient Boosting Regressor,159,41,target_plus_cohort,0.6341463414634146,0.6666666666666666,0.42105263157894735,0.5161290322580645,0.6208133971291866,,0.352478761344232,0.27985474612779915,-0.22213672479850533
scenario2_vote_fraction_ct_only,2,111,SVR (RBF),159,41,target_plus_cohort,0.4634146341463415,0.4,0.3157894736842105,0.35294117647058826,0.46889952153110037,,0.38301060491961064,0.3349215678544496,-0.4430304168675716
scenario2_vote_fraction_ct_only,2,112,Linear Regression,161,39,target_plus_cohort,0.6666666666666666,0.7777777777777778,0.3888888888888889,0.5185185185185185,0.7195767195767196,,0.3074920435459088,0.249719878753463,0.19004159960071887
scenario2_vote_fraction_ct_only,2,112,Random Forest Regressor,161,39,target_plus_cohort,0.5384615384615384,0.5,0.2222222222222222,0.3076923076923077,0.6613756613756614,,0.31838254896786033,0.2708762767779861,0.1316526979641639
scenario2_vote_fraction_ct_only,2,112,Gradient Boosting Regressor,161,39,target_plus_cohort,0.5128205128205128,0.4444444444444444,0.2222222222222222,0.2962962962962963,0.5291005291005291,,0.34738656113313615,0.2892581455111691,-0.03376297964611985
scenario2_vote_fraction_ct_only,2,112,SVR (RBF),161,39,target_plus_cohort,0.5641025641025641,0.6,0.16666666666666666,0.2608695652173913,0.67989417989418,,0.34063346514308956,0.29207739418957684,0.006038475563521772
scenario2_vote_fraction_ct_only,2,113,Linear Regression,157,43,target_plus_cohort,0.6046511627906976,0.55,0.5789473684210527,0.5641025641025641,0.6896929824561403,,0.34436645758016526,0.2753966771384313,-0.05643853667351939
scenario2_vote_fraction_ct_only,2,113,Random Forest Regressor,157,43,target_plus_cohort,0.7209302325581395,0.7333333333333333,0.5789473684210527,0.6470588235294118,0.7171052631578947,,0.3162670466477865,0.25487402756588806,0.10893284676723425
scenario2_vote_fraction_ct_only,2,113,Gradient Boosting Regressor,157,43,target_plus_cohort,0.627906976744186,0.6363636363636364,0.3684210526315789,0.4666666666666667,0.75,,0.31545443749303864,0.25940541569929176,0.1135059384300231
scenario2_vote_fraction_ct_only,2,113,SVR (RBF),157,43,target_plus_cohort,0.6046511627906976,0.5833333333333334,0.3684210526315789,0.45161290322580644,0.5625,,0.38303039465959793,0.30967072237399934,-0.3069802490801965
scenario2_vote_fraction_ct_only,2,114,Linear Regression,160,40,target_plus_cohort,0.625,0.6,0.35294117647058826,0.4444444444444444,0.639386189258312,,0.3018604493685379,0.24735774521801285,0.20956378020551236
scenario2_vote_fraction_ct_only,2,114,Random Forest Regressor,160,40,target_plus_cohort,0.625,0.6,0.35294117647058826,0.4444444444444444,0.7365728900255755,,0.2755825672116217,0.2420448706386206,0.34119348225683643
scenario2_vote_fraction_ct_only,2,114,Gradient Boosting Regressor,160,40,target_plus_cohort,0.65,0.6666666666666666,0.35294117647058826,0.46153846153846156,0.6675191815856776,,0.30725864432326383,0.26218671006554917,0.18104012472064623
scenario2_vote_fraction_ct_only,2,114,SVR (RBF),160,40,target_plus_cohort,0.6,0.5454545454545454,0.35294117647058826,0.42857142857142855,0.6112531969309463,,0.3017271119790391,0.2738217023823689,0.2102619268155136
scenario2_vote_fraction_ct_only,2,115,Linear Regression,157,43,target_plus_cohort,0.6046511627906976,0.5882352941176471,0.5,0.5405405405405406,0.641304347826087,,0.3606636279223879,0.3019123952484066,-0.10779539404025251
scenario2_vote_fraction_ct_only,2,115,Random Forest Regressor,157,43,target_plus_cohort,0.6744186046511628,0.7142857142857143,0.5,0.5882352941176471,0.7586956521739131,,0.32657049534637195,0.26852179008186755,0.09174300523207635
scenario2_vote_fraction_ct_only,2,115,Gradient Boosting Regressor,157,43,target_plus_cohort,0.6046511627906976,0.5882352941176471,0.5,0.5405405405405406,0.6608695652173913,,0.3451347211607136,0.2760718649846312,-0.014453548857279674
scenario2_vote_fraction_ct_only,2,115,SVR (RBF),157,43,target_plus_cohort,0.46511627906976744,0.36363636363636365,0.2,0.25806451612903225,0.47173913043478255,,0.39666759822220793,0.3304818327390883,-0.34001084865930364
scenario2_vote_fraction_ct_only,2,116,Linear Regression,160,40,target_plus_cohort,0.675,0.6470588235294118,0.6111111111111112,0.6285714285714286,0.7904040404040404,,0.27554868826665885,0.2351897850127445,0.33494528812721447
scenario2_vote_fraction_ct_only,2,116,Random Forest Regressor,160,40,target_plus_cohort,0.675,0.631578947368421,0.6666666666666666,0.6486486486486487,0.7954545454545454,,0.2552286884988454,0.2123968206947373,0.4294159115371622
scenario2_vote_fraction_ct_only,2,116,Gradient Boosting Regressor,160,40,target_plus_cohort,0.65,0.6111111111111112,0.6111111111111112,0.6111111111111112,0.7777777777777777,,0.26620397625457104,0.2182326332185657,0.37928855205479506
scenario2_vote_fraction_ct_only,2,116,SVR (RBF),160,40,target_plus_cohort,0.675,0.631578947368421,0.6666666666666666,0.6486486486486487,0.7828282828282829,,0.2681866996979387,0.2238267618315321,0.3700078315777604
scenario2_vote_fraction_ct_only,2,117,Linear Regression,158,42,target_plus_cohort,0.6428571428571429,0.5882352941176471,0.5555555555555556,0.5714285714285714,0.7060185185185185,,0.31568276686585567,0.2495210678712098,0.07151851338931847
scenario2_vote_fraction_ct_only,2,117,Random Forest Regressor,158,42,target_plus_cohort,0.6190476190476191,0.5625,0.5,0.5294117647058824,0.7129629629629628,,0.3168387369761837,0.25738181799094495,0.06470621912689023
scenario2_vote_fraction_ct_only,2,117,Gradient Boosting Regressor,158,42,target_plus_cohort,0.6190476190476191,0.5625,0.5,0.5294117647058824,0.6678240740740741,,0.33757943525530437,0.28211481993705023,-0.06175292089397888
scenario2_vote_fraction_ct_only,2,117,SVR (RBF),158,42,target_plus_cohort,0.5952380952380952,0.5333333333333333,0.4444444444444444,0.48484848484848486,0.638888888888889,,0.35455972990091095,0.28331796982773083,-0.1712519192618267
scenario2_vote_fraction_ct_only,2,118,Linear Regression,156,44,target_plus_cohort,0.6818181818181818,0.631578947368421,0.631578947368421,0.631578947368421,0.7,,0.32611532229257073,0.2672554374690105,0.06740645765787867
scenario2_vote_fraction_ct_only,2,118,Random Forest Regressor,156,44,target_plus_cohort,0.6363636363636364,0.5882352941176471,0.5263157894736842,0.5555555555555556,0.7326315789473684,,0.32428951137921885,0.27410663210947295,0.07781978580345439
scenario2_vote_fraction_ct_only,2,118,Gradient Boosting Regressor,156,44,target_plus_cohort,0.5681818181818182,0.5,0.5263157894736842,0.5128205128205128,0.6189473684210526,,0.38185055665136575,0.3037716227205375,-0.27860633358984743
scenario2_vote_fraction_ct_only,2,118,SVR (RBF),156,44,target_plus_cohort,0.6136363636363636,0.6,0.3157894736842105,0.41379310344827586,0.5536842105263158,,0.33801078041080573,0.29044766784231385,-0.001869369114452013
scenario2_vote_fraction_ct_only,2,119,Linear Regression,158,42,target_plus_cohort,0.6190476190476191,0.6,0.47368421052631576,0.5294117647058824,0.6979405034324944,,0.28375718325471505,0.24611170812683705,0.3232895841522676
scenario2_vote_fraction_ct_only,2,119,Random Forest Regressor,158,42,target_plus_cohort,0.6190476190476191,0.6153846153846154,0.42105263157894735,0.5,0.7345537757437072,,0.2934132234533558,0.2542683052544164,0.2764500838993338
scenario2_vote_fraction_ct_only,2,119,Gradient Boosting Regressor,158,42,target_plus_cohort,0.6666666666666666,0.6666666666666666,0.5263157894736842,0.5882352941176471,0.7643020594965674,,0.2902461502051449,0.24804381385703084,0.29198563647082276
scenario2_vote_fraction_ct_only,2,119,SVR (RBF),158,42,target_plus_cohort,0.6190476190476191,0.6,0.47368421052631576,0.5294117647058824,0.6498855835240275,,0.3016551392336672,0.2610801837435964,0.23523044660556058
scenario2_vote_fraction_ct_only,2,120,Linear Regression,158,42,target_plus_cohort,0.5238095238095238,0.4375,0.3888888888888889,0.4117647058823529,0.5856481481481481,,0.35057353794576124,0.28545174712918026,-0.10298986107516206
scenario2_vote_fraction_ct_only,2,120,Random Forest Regressor,158,42,target_plus_cohort,0.5714285714285714,0.5,0.3888888888888889,0.4375,0.6342592592592593,,0.34362905996652254,0.2670502819490914,-0.05972462308071491
scenario2_vote_fraction_ct_only,2,120,Gradient Boosting Regressor,158,42,target_plus_cohort,0.5476190476190477,0.4666666666666667,0.3888888888888889,0.42424242424242425,0.6203703703703703,,0.35645933599701046,0.26678337261080226,-0.14033707602694445
scenario2_vote_fraction_ct_only,2,120,SVR (RBF),158,42,target_plus_cohort,0.5476190476190477,0.46153846153846156,0.3333333333333333,0.3870967741935484,0.5069444444444444,,0.3856114353539509,0.30805038222285547,-0.3344830633161999
scenario2_vote_fraction_ct_only,2,121,Linear Regression,158,42,target_plus_cohort,0.5238095238095238,0.45,0.5,0.47368421052631576,0.5740740740740741,,0.351178482089314,0.2829670878352236,-0.10679974904569689
scenario2_vote_fraction_ct_only,2,121,Random Forest Regressor,158,42,target_plus_cohort,0.5476190476190477,0.47058823529411764,0.4444444444444444,0.45714285714285713,0.599537037037037,,0.3496935904153914,0.286684421105056,-0.09745975101848314
scenario2_vote_fraction_ct_only,2,121,Gradient Boosting Regressor,158,42,target_plus_cohort,0.5714285714285714,0.5,0.5,0.5,0.5763888888888888,,0.3758683446481427,0.30482253397569903,-0.2678992937170728
scenario2_vote_fraction_ct_only,2,121,SVR (RBF),158,42,target_plus_cohort,0.5476190476190477,0.45454545454545453,0.2777777777777778,0.3448275862068966,0.5231481481481481,,0.3686653997746089,0.29828247950237086,-0.21977019440852152
scenario2_vote_fraction_ct_only,2,122,Linear Regression,158,42,target_plus_cohort,0.6190476190476191,0.5714285714285714,0.4444444444444444,0.5,0.6666666666666666,,0.30258633254994444,0.2562589194471653,0.2235135866750525
scenario2_vote_fraction_ct_only,2,122,Random Forest Regressor,158,42,target_plus_cohort,0.5476190476190477,0.45454545454545453,0.2777777777777778,0.3448275862068966,0.5300925925925926,,0.3547741115070418,0.3028786711524806,-0.06742922223585412
scenario2_vote_fraction_ct_only,2,122,Gradient Boosting Regressor,158,42,target_plus_cohort,0.47619047619047616,0.3333333333333333,0.2222222222222222,0.26666666666666666,0.40046296296296297,,0.38881720389645347,0.332937774225475,-0.2821126684273574
scenario2_vote_fraction_ct_only,2,122,SVR (RBF),158,42,target_plus_cohort,0.5238095238095238,0.4375,0.3888888888888889,0.4117647058823529,0.5347222222222221,,0.3425499030422489,0.30119057177050224,0.004862840216421804
scenario2_vote_fraction_ct_only,2,123,Linear Regression,157,43,target_plus_cohort,0.7209302325581395,0.8333333333333334,0.5,0.625,0.7456521739130435,,0.31335720791384536,0.25992208069187367,0.13176122093213305
scenario2_vote_fraction_ct_only,2,123,Random Forest Regressor,157,43,target_plus_cohort,0.5581395348837209,0.5384615384615384,0.35,0.42424242424242425,0.7021739130434782,,0.3099281759630089,0.25716786149538085,0.15065932673216453
scenario2_vote_fraction_ct_only,2,123,Gradient Boosting Regressor,157,43,target_plus_cohort,0.5116279069767442,0.46153846153846156,0.3,0.36363636363636365,0.6913043478260869,,0.3136434221317738,0.25647484906852785,0.13017443265754147
scenario2_vote_fraction_ct_only,2,123,SVR (RBF),157,43,target_plus_cohort,0.627906976744186,0.75,0.3,0.42857142857142855,0.7347826086956522,,0.32217071445438905,0.26137645227476936,0.08223409015760408
scenario2_vote_fraction_ct_only,2,124,Linear Regression,159,41,target_plus_cohort,0.4146341463414634,0.3333333333333333,0.3333333333333333,0.3333333333333333,0.43719806763285024,,0.39293694223785935,0.33725755744109825,-0.4654386050582102
scenario2_vote_fraction_ct_only,2,124,Random Forest Regressor,159,41,target_plus_cohort,0.5365853658536586,0.46153846153846156,0.3333333333333333,0.3870967741935484,0.5483091787439613,,0.3661517405928387,0.30134961568091634,-0.27245992008684694
scenario2_vote_fraction_ct_only,2,124,Gradient Boosting Regressor,159,41,target_plus_cohort,0.5609756097560976,0.5,0.4444444444444444,0.47058823529411764,0.5241545893719807,,0.38765915534633666,0.30004104004794635,-0.42633650058400363
scenario2_vote_fraction_ct_only,2,124,SVR (RBF),159,41,target_plus_cohort,0.43902439024390244,0.3333333333333333,0.2777777777777778,0.30303030303030304,0.4975845410628019,,0.38458491416053575,0.3210951357547253,-0.4038037388631006
scenario2_vote_fraction_ct_only,2,125,Linear Regression,157,43,target_plus_cohort,0.6511627906976745,0.6,0.5,0.5454545454545454,0.711111111111111,,0.3053479417952003,0.2540030341264036,0.21874974810670667
scenario2_vote_fraction_ct_only,2,125,Random Forest Regressor,157,43,target_plus_cohort,0.6046511627906976,0.5294117647058824,0.5,0.5142857142857142,0.6355555555555555,,0.3221953614554199,0.28212484572562085,0.13016126407405293
scenario2_vote_fraction_ct_only,2,125,Gradient Boosting Regressor,157,43,target_plus_cohort,0.627906976744186,0.55,0.6111111111111112,0.5789473684210527,0.6622222222222222,,0.3376807433119024,0.2800537369153659,0.04453943566887175
scenario2_vote_fraction_ct_only,2,125,SVR (RBF),157,43,target_plus_cohort,0.5581395348837209,0.46153846153846156,0.3333333333333333,0.3870967741935484,0.6066666666666666,,0.3362464418473125,0.28238878309369614,0.05263884958283438
scenario2_vote_fraction_ct_only,2,126,Linear Regression,160,40,target_plus_cohort,0.675,0.6470588235294118,0.6111111111111112,0.6285714285714286,0.7171717171717172,,0.28213728535847576,0.23108246878123034,0.29068016821282183
scenario2_vote_fraction_ct_only,2,126,Random Forest Regressor,160,40,target_plus_cohort,0.575,0.5217391304347826,0.6666666666666666,0.5853658536585366,0.7247474747474747,,0.3144353344257595,0.25224992253117257,0.11898394473370988
scenario2_vote_fraction_ct_only,2,126,Gradient Boosting Regressor,160,40,target_plus_cohort,0.65,0.6,0.6666666666666666,0.631578947368421,0.7095959595959596,,0.33089247030193614,0.26205029960422166,0.024348077106277954
scenario2_vote_fraction_ct_only,2,126,SVR (RBF),160,40,target_plus_cohort,0.625,0.5789473684210527,0.6111111111111112,0.5945945945945946,0.6590909090909091,,0.31654684101014785,0.2525685610307476,0.10711175942422346
scenario2_vote_fraction_ct_only,2,127,Linear Regression,157,43,target_plus_cohort,0.5348837209302325,0.4666666666666667,0.3684210526315789,0.4117647058823529,0.4725877192982456,,0.35626207817472555,0.3203028329148348,-0.0732317702923646
scenario2_vote_fraction_ct_only,2,127,Random Forest Regressor,157,43,target_plus_cohort,0.5116279069767442,0.4166666666666667,0.2631578947368421,0.3225806451612903,0.5285087719298246,,0.34171396647355157,0.3040919767140697,0.012630322718770626
scenario2_vote_fraction_ct_only,2,127,Gradient Boosting Regressor,157,43,target_plus_cohort,0.5581395348837209,0.5,0.2631578947368421,0.3448275862068966,0.4495614035087719,,0.3756754329560792,0.3152203017477918,-0.19338319443691043
scenario2_vote_fraction_ct_only,2,127,SVR (RBF),157,43,target_plus_cohort,0.4883720930232558,0.38461538461538464,0.2631578947368421,0.3125,0.4166666666666667,,0.37634576991564617,0.3295085333413338,-0.19764582384873863
scenario2_vote_fraction_ct_only,2,128,Linear Regression,155,45,target_plus_cohort,0.6444444444444445,0.625,0.5,0.5555555555555556,0.6779999999999999,,0.3290509811740908,0.27399011965469183,0.11669487862265415
scenario2_vote_fraction_ct_only,2,128,Random Forest Regressor,155,45,target_plus_cohort,0.6222222222222222,0.6153846153846154,0.4,0.48484848484848486,0.6819999999999999,,0.3295613092864902,0.2703716279605168,0.11395290235208044
scenario2_vote_fraction_ct_only,2,128,Gradient Boosting Regressor,155,45,target_plus_cohort,0.5777777777777777,0.5294117647058824,0.45,0.4864864864864865,0.6,,0.35966450037519926,0.29114950103718346,-0.05530869531304039
scenario2_vote_fraction_ct_only,2,128,SVR (RBF),155,45,target_plus_cohort,0.6,0.625,0.25,0.35714285714285715,0.5519999999999999,,0.39066209751173137,0.3264381343990837,-0.24505037445301636
scenario2_vote_fraction_ct_only,2,129,Linear Regression,157,43,target_plus_cohort,0.6046511627906976,0.55,0.5789473684210527,0.5641025641025641,0.6469298245614035,,0.3006573081385705,0.25176387430075975,0.1482105613528868
scenario2_vote_fraction_ct_only,2,129,Random Forest Regressor,157,43,target_plus_cohort,0.627906976744186,0.6,0.47368421052631576,0.5294117647058824,0.5745614035087719,,0.3206623628873456,0.2666521157567669,0.031087188825990375
scenario2_vote_fraction_ct_only,2,129,Gradient Boosting Regressor,157,43,target_plus_cohort,0.6046511627906976,0.5555555555555556,0.5263157894736842,0.5405405405405406,0.587719298245614,,0.34052347942830363,0.27003039734768636,-0.0926544680284418
scenario2_vote_fraction_ct_only,2,129,SVR (RBF),157,43,target_plus_cohort,0.627906976744186,0.6,0.47368421052631576,0.5294117647058824,0.5307017543859649,,0.35029086895077843,0.2831844050265165,-0.15623564725623984
scenario13_vote_fraction_ct_plus_demo,13,100,Linear Regression,157,43,target_plus_cohort,0.7209302325581395,0.6666666666666666,0.7368421052631579,0.7,0.8530701754385965,,0.26732272149388886,0.2009861462154621,0.38638298234208945
scenario13_vote_fraction_ct_plus_demo,13,100,Random Forest Regressor,157,43,target_plus_cohort,0.6511627906976745,0.6,0.631578947368421,0.6153846153846154,0.6885964912280702,,0.32300066099744046,0.2652348721476628,0.10415583344344603
scenario13_vote_fraction_ct_plus_demo,13,100,Gradient Boosting Regressor,157,43,target_plus_cohort,0.6511627906976745,0.5909090909090909,0.6842105263157895,0.6341463414634146,0.7171052631578947,,0.30451921125335013,0.2388955465924791,0.20373974183584398
scenario13_vote_fraction_ct_plus_demo,13,100,SVR (RBF),157,43,target_plus_cohort,0.6046511627906976,0.5454545454545454,0.631578947368421,0.5853658536585366,0.7324561403508771,,0.35429625211626614,0.2794546779565215,-0.07785108770955285
scenario13_vote_fraction_ct_plus_demo,13,101,Linear Regression,161,39,target_plus_cohort,0.5641025641025641,0.55,0.5789473684210527,0.5641025641025641,0.5684210526315789,,0.3094733145135719,0.26636734523062205,0.1475639643894241
scenario13_vote_fraction_ct_plus_demo,13,101,Random Forest Regressor,161,39,target_plus_cohort,0.5384615384615384,0.5294117647058824,0.47368421052631576,0.5,0.5236842105263158,,0.3542311017090337,0.2972882256236956,-0.1168343624310435
scenario13_vote_fraction_ct_plus_demo,13,101,Gradient Boosting Regressor,161,39,target_plus_cohort,0.46153846153846156,0.4166666666666667,0.2631578947368421,0.3225806451612903,0.49736842105263157,,0.3872409831813048,0.3219763943492346,-0.33468265389268925
scenario13_vote_fraction_ct_plus_demo,13,101,SVR (RBF),161,39,target_plus_cohort,0.5128205128205128,0.5,0.5263157894736842,0.5128205128205128,0.4552631578947368,,0.38907059808483047,0.3210334143012103,-0.34732451872286507
scenario13_vote_fraction_ct_plus_demo,13,102,Linear Regression,156,44,target_plus_cohort,0.5681818181818182,0.4666666666666667,0.3888888888888889,0.42424242424242425,0.6709401709401709,,0.3494218744911018,0.2679032509282674,-0.1443757624534585
scenario13_vote_fraction_ct_plus_demo,13,102,Random Forest Regressor,156,44,target_plus_cohort,0.6136363636363636,0.5454545454545454,0.3333333333333333,0.41379310344827586,0.6431623931623931,,0.3157716826116693,0.26104716754906143,0.06542354571350717
scenario13_vote_fraction_ct_plus_demo,13,102,Gradient Boosting Regressor,156,44,target_plus_cohort,0.5909090909090909,0.5,0.2777777777777778,0.35714285714285715,0.7008547008547008,,0.3263129843306949,0.27289248610164235,0.0019847374638931603
scenario13_vote_fraction_ct_plus_demo,13,102,SVR (RBF),156,44,target_plus_cohort,0.5909090909090909,0.5,0.4444444444444444,0.47058823529411764,0.6730769230769231,,0.31558419934939824,0.2715729009178703,0.06653298925244266
scenario13_vote_fraction_ct_plus_demo,13,103,Linear Regression,162,38,target_plus_cohort,0.631578947368421,0.6153846153846154,0.47058823529411764,0.5333333333333333,0.6974789915966387,,0.2909413694447434,0.24665535599012384,0.20801234097540888
scenario13_vote_fraction_ct_plus_demo,13,103,Random Forest Regressor,162,38,target_plus_cohort,0.6052631578947368,0.5833333333333334,0.4117647058823529,0.4827586206896552,0.7086834733893557,,0.27910142238894153,0.22593221398484561,0.27116107896473984
scenario13_vote_fraction_ct_plus_demo,13,103,Gradient Boosting Regressor,162,38,target_plus_cohort,0.631578947368421,0.6153846153846154,0.47058823529411764,0.5333333333333333,0.7058823529411765,,0.28365751553568996,0.2270622014671149,0.24717150956518152
scenario13_vote_fraction_ct_plus_demo,13,103,SVR (RBF),162,38,target_plus_cohort,0.5263157894736842,0.4666666666666667,0.4117647058823529,0.4375,0.6246498599439776,,0.30922681836344906,0.2601267834293299,0.10533229471808558
scenario13_vote_fraction_ct_plus_demo,13,104,Linear Regression,156,44,target_plus_cohort,0.7954545454545454,0.8235294117647058,0.7,0.7567567567567568,0.8270833333333334,,0.22958398922761633,0.17760676801030195,0.541717428890806
scenario13_vote_fraction_ct_plus_demo,13,104,Random Forest Regressor,156,44,target_plus_cohort,0.7272727272727273,0.75,0.6,0.6666666666666666,0.7666666666666667,,0.2609614937626406,0.21477039928365682,0.40788917017152526
scenario13_vote_fraction_ct_plus_demo,13,104,Gradient Boosting Regressor,156,44,target_plus_cohort,0.7045454545454546,0.8181818181818182,0.45,0.5806451612903226,0.7833333333333333,,0.26696896106782514,0.21632231811013902,0.38031399518493136
scenario13_vote_fraction_ct_plus_demo,13,104,SVR (RBF),156,44,target_plus_cohort,0.6818181818181818,0.6666666666666666,0.6,0.631578947368421,0.7520833333333333,,0.25382684771668157,0.19898897073481792,0.43982302012673413
scenario13_vote_fraction_ct_plus_demo,13,105,Linear Regression,158,42,target_plus_cohort,0.6666666666666666,0.6363636363636364,0.7,0.6666666666666666,0.7727272727272727,,0.29414365212481597,0.2082941128929276,0.2195458699757865
scenario13_vote_fraction_ct_plus_demo,13,105,Random Forest Regressor,158,42,target_plus_cohort,0.7857142857142857,0.8666666666666667,0.65,0.7428571428571429,0.759090909090909,,0.27884665066375564,0.22080883512431135,0.29861045624227256
scenario13_vote_fraction_ct_plus_demo,13,105,Gradient Boosting Regressor,158,42,target_plus_cohort,0.6904761904761905,0.7058823529411765,0.6,0.6486486486486487,0.7272727272727273,,0.2846154557654491,0.23107626527298064,0.269289441011774
scenario13_vote_fraction_ct_plus_demo,13,105,SVR (RBF),158,42,target_plus_cohort,0.7619047619047619,0.7272727272727273,0.8,0.7619047619047619,0.825,,0.30491312029596435,0.22697074879955093,0.16135020141886902
scenario13_vote_fraction_ct_plus_demo,13,106,Linear Regression,157,43,target_plus_cohort,0.627906976744186,0.7,0.35,0.4666666666666667,0.6934782608695652,,0.28347937407428425,0.2368389076823318,0.2894367670028458
scenario13_vote_fraction_ct_plus_demo,13,106,Random Forest Regressor,157,43,target_plus_cohort,0.6046511627906976,0.6363636363636364,0.35,0.45161290322580644,0.6391304347826087,,0.32253202416451154,0.2681006780328485,0.08017441396143199
scenario13_vote_fraction_ct_plus_demo,13,106,Gradient Boosting Regressor,157,43,target_plus_cohort,0.6046511627906976,0.5789473684210527,0.55,0.5641025641025641,0.6021739130434782,,0.3443094905431623,0.2847437045285813,-0.048232906297942746
scenario13_vote_fraction_ct_plus_demo,13,106,SVR (RBF),157,43,target_plus_cohort,0.627906976744186,0.625,0.5,0.5555555555555556,0.6510869565217391,,0.32042274864940684,0.26968976601843714,0.09216591466747415
scenario13_vote_fraction_ct_plus_demo,13,107,Linear Regression,160,40,target_plus_cohort,0.6,0.5714285714285714,0.4444444444444444,0.5,0.6136363636363638,,0.3301356823217614,0.24815894302983682,0.04534684313528492
scenario13_vote_fraction_ct_plus_demo,13,107,Random Forest Regressor,160,40,target_plus_cohort,0.625,0.6153846153846154,0.4444444444444444,0.5161290322580645,0.7121212121212122,,0.2697743298311018,0.22063135367718703,0.36252681136507947
scenario13_vote_fraction_ct_plus_demo,13,107,Gradient Boosting Regressor,160,40,target_plus_cohort,0.6,0.5555555555555556,0.5555555555555556,0.5555555555555556,0.6691919191919192,,0.29055516044226704,0.2220913752151083,0.26053458750687686
scenario13_vote_fraction_ct_plus_demo,13,107,SVR (RBF),160,40,target_plus_cohort,0.55,0.5,0.4444444444444444,0.47058823529411764,0.6489898989898989,,0.2986331293534629,0.24099244777912424,0.21884602089831728
scenario13_vote_fraction_ct_plus_demo,13,108,Linear Regression,161,39,target_plus_cohort,0.6153846153846154,0.6666666666666666,0.3333333333333333,0.4444444444444444,0.671957671957672,,0.3002202540568352,0.2478291153082948,0.22789756023209085
scenario13_vote_fraction_ct_plus_demo,13,108,Random Forest Regressor,161,39,target_plus_cohort,0.717948717948718,0.7692307692307693,0.5555555555555556,0.6451612903225806,0.716931216931217,,0.30485525339547126,0.253253969281747,0.2038730690351429
scenario13_vote_fraction_ct_plus_demo,13,108,Gradient Boosting Regressor,161,39,target_plus_cohort,0.5897435897435898,0.5833333333333334,0.3888888888888889,0.4666666666666667,0.6891534391534392,,0.31588501300901917,0.25187492856154375,0.14522267770780894
scenario13_vote_fraction_ct_plus_demo,13,108,SVR (RBF),161,39,target_plus_cohort,0.6923076923076923,0.8,0.4444444444444444,0.5714285714285714,0.6878306878306879,,0.30174073692476244,0.24607696650336303,0.22005704093423473
scenario13_vote_fraction_ct_plus_demo,13,109,Linear Regression,159,41,target_plus_cohort,0.7317073170731707,0.7692307692307693,0.5555555555555556,0.6451612903225806,0.8236714975845411,,0.29344168317898317,0.22123080830949038,0.2589714128738382
scenario13_vote_fraction_ct_plus_demo,13,109,Random Forest Regressor,159,41,target_plus_cohort,0.6829268292682927,0.7272727272727273,0.4444444444444444,0.5517241379310345,0.8405797101449275,,0.2920930518444345,0.24784380878080062,0.2657671608033845
scenario13_vote_fraction_ct_plus_demo,13,109,Gradient Boosting Regressor,159,41,target_plus_cohort,0.7073170731707317,0.6875,0.6111111111111112,0.6470588235294118,0.8309178743961352,,0.28596463727920923,0.23541127063220127,0.2962538785948118
scenario13_vote_fraction_ct_plus_demo,13,109,SVR (RBF),159,41,target_plus_cohort,0.7560975609756098,0.8333333333333334,0.5555555555555556,0.6666666666666666,0.7971014492753624,,0.2818123516042515,0.22291570375042222,0.3165426787562967
scenario13_vote_fraction_ct_plus_demo,13,110,Linear Regression,158,42,target_plus_cohort,0.7857142857142857,0.7272727272727273,0.8421052631578947,0.7804878048780488,0.8672768878718536,,0.28446544139094726,0.20465703314223024,0.3298407695873392
scenario13_vote_fraction_ct_plus_demo,13,110,Random Forest Regressor,158,42,target_plus_cohort,0.5476190476190477,0.5,0.47368421052631576,0.4864864864864865,0.6590389016018307,,0.3475054520067647,0.2804472745413454,-9.722583890692249e-05
scenario13_vote_fraction_ct_plus_demo,13,110,Gradient Boosting Regressor,158,42,target_plus_cohort,0.6666666666666666,0.631578947368421,0.631578947368421,0.631578947368421,0.643020594965675,,0.3423738687893541,0.268939996305681,0.029221391189909518
scenario13_vote_fraction_ct_plus_demo,13,110,SVR (RBF),158,42,target_plus_cohort,0.5476190476190477,0.5,0.5789473684210527,0.5365853658536586,0.6979405034324943,,0.3269069217167963,0.27866524783329566,0.11495121613782078
scenario13_vote_fraction_ct_plus_demo,13,111,Linear Regression,159,41,target_plus_cohort,0.6097560975609756,0.6363636363636364,0.3684210526315789,0.4666666666666667,0.6363636363636364,,0.31149940394421466,0.24721315864074114,0.04551671507747357
scenario13_vote_fraction_ct_plus_demo,13,111,Random Forest Regressor,159,41,target_plus_cohort,0.6097560975609756,0.6666666666666666,0.3157894736842105,0.42857142857142855,0.5406698564593302,,0.3472134388065225,0.2868050646282354,-0.1858969158108541
scenario13_vote_fraction_ct_plus_demo,13,111,Gradient Boosting Regressor,159,41,target_plus_cohort,0.5121951219512195,0.46153846153846156,0.3157894736842105,0.375,0.48564593301435405,,0.3725153673018013,0.311486415790335,-0.36503024466511214
scenario13_vote_fraction_ct_plus_demo,13,111,SVR (RBF),159,41,target_plus_cohort,0.5365853658536586,0.5,0.2631578947368421,0.3448275862068966,0.5645933014354066,,0.3723450719026153,0.31544271867456064,-0.36378248279194225
scenario13_vote_fraction_ct_plus_demo,13,112,Linear Regression,161,39,target_plus_cohort,0.6410256410256411,0.6666666666666666,0.4444444444444444,0.5333333333333333,0.7380952380952381,,0.27887026614982036,0.2094085849462559,0.3338080648854226
scenario13_vote_fraction_ct_plus_demo,13,112,Random Forest Regressor,161,39,target_plus_cohort,0.5641025641025641,0.5714285714285714,0.2222222222222222,0.32,0.6878306878306878,,0.2993224141432461,0.2489429944857295,0.23250876016688538
scenario13_vote_fraction_ct_plus_demo,13,112,Gradient Boosting Regressor,161,39,target_plus_cohort,0.5384615384615384,0.5,0.4444444444444444,0.47058823529411764,0.552910052910053,,0.34388815611223955,0.2753918121808655,-0.013046511841379838
scenario13_vote_fraction_ct_plus_demo,13,112,SVR (RBF),161,39,target_plus_cohort,0.5384615384615384,0.5,0.3333333333333333,0.4,0.6534391534391534,,0.32282325230980063,0.2449800761680823,0.10726088097486419
scenario13_vote_fraction_ct_plus_demo,13,113,Linear Regression,157,43,target_plus_cohort,0.6046511627906976,0.5416666666666666,0.6842105263157895,0.6046511627906976,0.6995614035087719,,0.30989624463206356,0.2595210170436499,0.14447013306475076
scenario13_vote_fraction_ct_plus_demo,13,113,Random Forest Regressor,157,43,target_plus_cohort,0.627906976744186,0.6,0.47368421052631576,0.5294117647058824,0.6820175438596492,,0.29073203081968724,0.2611306700047011,0.24701155362800709
scenario13_vote_fraction_ct_plus_demo,13,113,Gradient Boosting Regressor,157,43,target_plus_cohort,0.5581395348837209,0.5,0.47368421052631576,0.4864864864864865,0.6732456140350878,,0.2982560966485174,0.25934629846516055,0.20753295974964125
scenario13_vote_fraction_ct_plus_demo,13,113,SVR (RBF),157,43,target_plus_cohort,0.5116279069767442,0.4444444444444444,0.42105263157894735,0.43243243243243246,0.5219298245614036,,0.36506242529113364,0.3166129898430257,-0.18723534684984822
scenario13_vote_fraction_ct_plus_demo,13,114,Linear Regression,160,40,target_plus_cohort,0.65,0.6363636363636364,0.4117647058823529,0.5,0.7493606138107417,,0.24014883397448936,0.18738408264563855,0.49971743408794045
scenario13_vote_fraction_ct_plus_demo,13,114,Random Forest Regressor,160,40,target_plus_cohort,0.725,0.7142857142857143,0.5882352941176471,0.6451612903225806,0.8286445012787724,,0.24639501340651487,0.21038852135518807,0.4733546759668724
scenario13_vote_fraction_ct_plus_demo,13,114,Gradient Boosting Regressor,160,40,target_plus_cohort,0.725,0.6875,0.6470588235294118,0.6666666666666666,0.7749360613810741,,0.26715798565212084,0.22546052528814053,0.3808573458512874
scenario13_vote_fraction_ct_plus_demo,13,114,SVR (RBF),160,40,target_plus_cohort,0.675,0.7,0.4117647058823529,0.5185185185185185,0.7570332480818414,,0.26781359948408556,0.22841829631283214,0.3778148273565304
scenario13_vote_fraction_ct_plus_demo,13,115,Linear Regression,157,43,target_plus_cohort,0.5581395348837209,0.5294117647058824,0.45,0.4864864864864865,0.5804347826086957,,0.36567413759731826,0.3079552384971233,-0.13878923440962843
scenario13_vote_fraction_ct_plus_demo,13,115,Random Forest Regressor,157,43,target_plus_cohort,0.6511627906976745,0.6470588235294118,0.55,0.5945945945945946,0.6043478260869566,,0.3323982311494249,0.27782821711019384,0.05903760105939293
scenario13_vote_fraction_ct_plus_demo,13,115,Gradient Boosting Regressor,157,43,target_plus_cohort,0.6046511627906976,0.6,0.45,0.5142857142857142,0.5739130434782609,,0.3631593223738006,0.2947770767796527,-0.12317972534220822
scenario13_vote_fraction_ct_plus_demo,13,115,SVR (RBF),157,43,target_plus_cohort,0.4418604651162791,0.375,0.3,0.3333333333333333,0.44565217391304346,,0.39254725313654487,0.33902878893222643,-0.3123169753692532
scenario13_vote_fraction_ct_plus_demo,13,116,Linear Regression,160,40,target_plus_cohort,0.625,0.6,0.5,0.5454545454545454,0.696969696969697,,0.27538810650369516,0.2117179446509591,0.33572021135453534
scenario13_vote_fraction_ct_plus_demo,13,116,Random Forest Regressor,160,40,target_plus_cohort,0.575,0.5384615384615384,0.3888888888888889,0.45161290322580644,0.5707070707070707,,0.3171315466399586,0.2707813759157509,0.11907371205034545
scenario13_vote_fraction_ct_plus_demo,13,116,Gradient Boosting Regressor,160,40,target_plus_cohort,0.375,0.29411764705882354,0.2777777777777778,0.2857142857142857,0.4848484848484848,,0.33922280426580553,0.290330593033335,-0.007930898691594468
scenario13_vote_fraction_ct_plus_demo,13,116,SVR (RBF),160,40,target_plus_cohort,0.55,0.5,0.5,0.5,0.5328282828282829,,0.3263270907594616,0.280163680196427,0.06724639272817035
scenario13_vote_fraction_ct_plus_demo,13,117,Linear Regression,158,42,target_plus_cohort,0.6428571428571429,0.6,0.5,0.5454545454545454,0.6898148148148148,,0.32161517947327867,0.2519421492417151,0.036293970336102044
scenario13_vote_fraction_ct_plus_demo,13,117,Random Forest Regressor,158,42,target_plus_cohort,0.6666666666666666,0.6111111111111112,0.6111111111111112,0.6111111111111112,0.5925925925925927,,0.3432661015679261,0.2882800272919318,-0.09782555359509915
scenario13_vote_fraction_ct_plus_demo,13,117,Gradient Boosting Regressor,158,42,target_plus_cohort,0.6666666666666666,0.6,0.6666666666666666,0.631578947368421,0.6226851851851851,,0.3577939869873692,0.2934065542129162,-0.1927174550385382
scenario13_vote_fraction_ct_plus_demo,13,117,SVR (RBF),158,42,target_plus_cohort,0.6190476190476191,0.55,0.6111111111111112,0.5789473684210527,0.625,,0.36387414873664853,0.29819231764620824,-0.23359870468450494
scenario13_vote_fraction_ct_plus_demo,13,118,Linear Regression,156,44,target_plus_cohort,0.6136363636363636,0.5555555555555556,0.5263157894736842,0.5405405405405406,0.7031578947368421,,0.3241541468968141,0.2729418751427036,0.07858949552098993
scenario13_vote_fraction_ct_plus_demo,13,118,Random Forest Regressor,156,44,target_plus_cohort,0.6818181818181818,0.6190476190476191,0.6842105263157895,0.65,0.6947368421052632,,0.3157272098763759,0.25591170053291273,0.125874039010901
scenario13_vote_fraction_ct_plus_demo,13,118,Gradient Boosting Regressor,156,44,target_plus_cohort,0.6363636363636364,0.5714285714285714,0.631578947368421,0.6,0.6421052631578947,,0.3462352470043933,0.2852014106690493,-0.05121742193105172
scenario13_vote_fraction_ct_plus_demo,13,118,SVR (RBF),156,44,target_plus_cohort,0.6818181818181818,0.6666666666666666,0.5263157894736842,0.5882352941176471,0.6631578947368421,,0.3096132363211218,0.24621960108290566,0.15940068204444802
scenario13_vote_fraction_ct_plus_demo,13,119,Linear Regression,158,42,target_plus_cohort,0.5714285714285714,0.5238095238095238,0.5789473684210527,0.55,0.6910755148741419,,0.287563974481471,0.2313422265545833,0.30501074969547204
scenario13_vote_fraction_ct_plus_demo,13,119,Random Forest Regressor,158,42,target_plus_cohort,0.7142857142857143,0.7692307692307693,0.5263157894736842,0.625,0.7070938215102975,,0.2811178655984295,0.24704177098621535,0.3358196452104827
scenario13_vote_fraction_ct_plus_demo,13,119,Gradient Boosting Regressor,158,42,target_plus_cohort,0.7142857142857143,0.7692307692307693,0.5263157894736842,0.625,0.7139588100686499,,0.2835638820025908,0.246748357101677,0.3242112483323468
scenario13_vote_fraction_ct_plus_demo,13,119,SVR (RBF),158,42,target_plus_cohort,0.7142857142857143,0.7058823529411765,0.631578947368421,0.6666666666666666,0.6636155606407322,,0.31052746409701476,0.26458085986675683,0.18958183726971523
scenario13_vote_fraction_ct_plus_demo,13,120,Linear Regression,158,42,target_plus_cohort,0.5952380952380952,0.5384615384615384,0.3888888888888889,0.45161290322580644,0.7106481481481481,,0.31918716888177884,0.25621896780222136,0.08566760609854329
scenario13_vote_fraction_ct_plus_demo,13,120,Random Forest Regressor,158,42,target_plus_cohort,0.6428571428571429,0.5882352941176471,0.5555555555555556,0.5714285714285714,0.5972222222222222,,0.3576840298269254,0.2759238950350061,-0.14818629045093368
scenario13_vote_fraction_ct_plus_demo,13,120,Gradient Boosting Regressor,158,42,target_plus_cohort,0.5952380952380952,0.5454545454545454,0.3333333333333333,0.41379310344827586,0.5474537037037037,,0.37695342116658787,0.3037142038875212,-0.27523033710158273
scenario13_vote_fraction_ct_plus_demo,13,120,SVR (RBF),158,42,target_plus_cohort,0.5476190476190477,0.4444444444444444,0.2222222222222222,0.2962962962962963,0.46412037037037035,,0.3824518911843379,0.31704327759866646,-0.3127042246709373
scenario13_vote_fraction_ct_plus_demo,13,121,Linear Regression,158,42,target_plus_cohort,0.6190476190476191,0.5555555555555556,0.5555555555555556,0.5555555555555556,0.6643518518518519,,0.3043083127702178,0.24442488046362346,0.1689237154135126
scenario13_vote_fraction_ct_plus_demo,13,121,Random Forest Regressor,158,42,target_plus_cohort,0.5952380952380952,0.5294117647058824,0.5,0.5142857142857142,0.6342592592592593,,0.32160669077169224,0.2693905770889898,0.07175331277229446
scenario13_vote_fraction_ct_plus_demo,13,121,Gradient Boosting Regressor,158,42,target_plus_cohort,0.5476190476190477,0.4666666666666667,0.3888888888888889,0.42424242424242425,0.585648148148148,,0.3571319093466206,0.3014974696057431,-0.14464434928970227
scenario13_vote_fraction_ct_plus_demo,13,121,SVR (RBF),158,42,target_plus_cohort,0.6190476190476191,0.5454545454545454,0.6666666666666666,0.6,0.6412037037037037,,0.3210000997903846,0.26930690732636126,0.07525159236694434
scenario13_vote_fraction_ct_plus_demo,13,122,Linear Regression,158,42,target_plus_cohort,0.5238095238095238,0.4375,0.3888888888888889,0.4117647058823529,0.5532407407407407,,0.3577835181747097,0.2929274135171738,-0.08561517753779824
scenario13_vote_fraction_ct_plus_demo,13,122,Random Forest Regressor,158,42,target_plus_cohort,0.4523809523809524,0.2727272727272727,0.16666666666666666,0.20689655172413793,0.5277777777777777,,0.37428498815170935,0.32020338802878473,-0.18806462093989995
scenario13_vote_fraction_ct_plus_demo,13,122,Gradient Boosting Regressor,158,42,target_plus_cohort,0.4523809523809524,0.2727272727272727,0.16666666666666666,0.20689655172413793,0.5439814814814815,,0.379066875025131,0.329385965333528,-0.21861611196002584
scenario13_vote_fraction_ct_plus_demo,13,122,SVR (RBF),158,42,target_plus_cohort,0.4523809523809524,0.3333333333333333,0.2777777777777778,0.30303030303030304,0.45370370370370366,,0.3559415317915915,0.30774041506314576,-0.0744657491899563
scenario13_vote_fraction_ct_plus_demo,13,123,Linear Regression,157,43,target_plus_cohort,0.6046511627906976,0.6153846153846154,0.4,0.48484848484848486,0.7195652173913044,,0.2973868979724094,0.23787968425445064,0.21800592387229567
scenario13_vote_fraction_ct_plus_demo,13,123,Random Forest Regressor,157,43,target_plus_cohort,0.6744186046511628,0.7142857142857143,0.5,0.5882352941176471,0.7021739130434782,,0.28359880513854707,0.2309601603535712,0.28883791426402283
scenario13_vote_fraction_ct_plus_demo,13,123,Gradient Boosting Regressor,157,43,target_plus_cohort,0.6744186046511628,0.6875,0.55,0.6111111111111112,0.6630434782608695,,0.3007608218613705,0.2366468739295629,0.20016145876816982
scenario13_vote_fraction_ct_plus_demo,13,123,SVR (RBF),157,43,target_plus_cohort,0.627906976744186,0.625,0.5,0.5555555555555556,0.6543478260869565,,0.3155244499496782,0.26476150760379763,0.11970985856241345
scenario13_vote_fraction_ct_plus_demo,13,124,Linear Regression,159,41,target_plus_cohort,0.4878048780487805,0.38461538461538464,0.2777777777777778,0.3225806451612903,0.4975845410628019,,0.35388908710050637,0.31372965217139687,-0.18865616387856066
scenario13_vote_fraction_ct_plus_demo,13,124,Random Forest Regressor,159,41,target_plus_cohort,0.5853658536585366,0.5454545454545454,0.3333333333333333,0.41379310344827586,0.5531400966183575,,0.34376129960814,0.2916650030938648,-0.121594499897822
scenario13_vote_fraction_ct_plus_demo,13,124,Gradient Boosting Regressor,159,41,target_plus_cohort,0.5365853658536586,0.46153846153846156,0.3333333333333333,0.3870967741935484,0.5410628019323671,,0.3759020566897185,0.31241232709078526,-0.34113133457104383
scenario13_vote_fraction_ct_plus_demo,13,124,SVR (RBF),159,41,target_plus_cohort,0.5853658536585366,0.5294117647058824,0.5,0.5142857142857142,0.5410628019323671,,0.3667259543352681,0.3282875362025982,-0.2764540941950553
scenario13_vote_fraction_ct_plus_demo,13,125,Linear Regression,157,43,target_plus_cohort,0.627906976744186,0.5625,0.5,0.5294117647058824,0.6955555555555555,,0.2904275393406889,0.25313645780419375,0.29323380792336473
scenario13_vote_fraction_ct_plus_demo,13,125,Random Forest Regressor,157,43,target_plus_cohort,0.6046511627906976,0.5333333333333333,0.4444444444444444,0.48484848484848486,0.6333333333333332,,0.29850890779485323,0.2520573252472477,0.25335395788766757
scenario13_vote_fraction_ct_plus_demo,13,125,Gradient Boosting Regressor,157,43,target_plus_cohort,0.5813953488372093,0.5,0.5,0.5,0.6288888888888888,,0.3193560211382441,0.26542415764667465,0.1454245862356056
scenario13_vote_fraction_ct_plus_demo,13,125,SVR (RBF),157,43,target_plus_cohort,0.6046511627906976,0.5454545454545454,0.3333333333333333,0.41379310344827586,0.671111111111111,,0.2934098388198409,0.23717762822672295,0.27864420994738215
scenario13_vote_fraction_ct_plus_demo,13,126,Linear Regression,160,40,target_plus_cohort,0.7,0.7142857142857143,0.5555555555555556,0.625,0.6792929292929293,,0.28625992355821867,0.2305929777395403,0.26979931235642096
scenario13_vote_fraction_ct_plus_demo,13,126,Random Forest Regressor,160,40,target_plus_cohort,0.65,0.6,0.6666666666666666,0.631578947368421,0.6287878787878788,,0.3264694127223438,0.27045077952185775,0.05025693367381345
scenario13_vote_fraction_ct_plus_demo,13,126,Gradient Boosting Regressor,160,40,target_plus_cohort,0.6,0.5555555555555556,0.5555555555555556,0.5555555555555556,0.5833333333333333,,0.3599985387192759,0.297738613582971,-0.15484210982190705
scenario13_vote_fraction_ct_plus_demo,13,126,SVR (RBF),160,40,target_plus_cohort,0.675,0.6923076923076923,0.5,0.5806451612903226,0.6843434343434344,,0.31074717149121933,0.2414705467142185,0.13953045415035703
scenario13_vote_fraction_ct_plus_demo,13,127,Linear Regression,157,43,target_plus_cohort,0.7209302325581395,0.7058823529411765,0.631578947368421,0.6666666666666666,0.7302631578947368,,0.27707483683827505,0.21438638398418183,0.3508448620212149
scenario13_vote_fraction_ct_plus_demo,13,127,Random Forest Regressor,157,43,target_plus_cohort,0.6046511627906976,0.6,0.3157894736842105,0.41379310344827586,0.6885964912280702,,0.30587719931075164,0.26687141336269243,0.2088687556558294
scenario13_vote_fraction_ct_plus_demo,13,127,Gradient Boosting Regressor,157,43,target_plus_cohort,0.6046511627906976,0.6,0.3157894736842105,0.41379310344827586,0.6469298245614035,,0.3144194767083506,0.25845721432482566,0.16406365567192305
scenario13_vote_fraction_ct_plus_demo,13,127,SVR (RBF),157,43,target_plus_cohort,0.4883720930232558,0.36363636363636365,0.21052631578947367,0.26666666666666666,0.5394736842105263,,0.3542249532788336,0.28761990631024525,-0.06099327181912906
scenario13_vote_fraction_ct_plus_demo,13,128,Linear Regression,155,45,target_plus_cohort,0.6222222222222222,0.5714285714285714,0.6,0.5853658536585366,0.704,,0.3057541441604095,0.24839255097255916,0.23734333064736124
scenario13_vote_fraction_ct_plus_demo,13,128,Random Forest Regressor,155,45,target_plus_cohort,0.6222222222222222,0.6666666666666666,0.3,0.41379310344827586,0.658,,0.31301321094692947,0.25620935545935547,0.20070020148045242
scenario13_vote_fraction_ct_plus_demo,13,128,Gradient Boosting Regressor,155,45,target_plus_cohort,0.6,0.5833333333333334,0.35,0.4375,0.62,,0.33543569409696045,0.2748046579651357,0.08208404819413939
scenario13_vote_fraction_ct_plus_demo,13,128,SVR (RBF),155,45,target_plus_cohort,0.5777777777777777,0.5333333333333333,0.4,0.45714285714285713,0.612,,0.3443417037066196,0.28587652743752817,0.032694591578559695
scenario13_vote_fraction_ct_plus_demo,13,129,Linear Regression,157,43,target_plus_cohort,0.6976744186046512,0.65,0.6842105263157895,0.6666666666666666,0.7785087719298246,,0.30027378894210055,0.23148835127128617,0.1503822647298637
scenario13_vote_fraction_ct_plus_demo,13,129,Random Forest Regressor,157,43,target_plus_cohort,0.6744186046511628,0.6666666666666666,0.5263157894736842,0.5882352941176471,0.6622807017543859,,0.3159620524732861,0.25809175880106117,0.05928390624308433
scenario13_vote_fraction_ct_plus_demo,13,129,Gradient Boosting Regressor,157,43,target_plus_cohort,0.6511627906976745,0.6111111111111112,0.5789473684210527,0.5945945945945946,0.6885964912280702,,0.3249269324097924,0.2598247011345111,0.005144186129919515
scenario13_vote_fraction_ct_plus_demo,13,129,SVR (RBF),157,43,target_plus_cohort,0.6744186046511628,0.6666666666666666,0.5263157894736842,0.5882352941176471,0.631578947368421,,0.3515413676621859,0.28598358033754573,-0.1645056429285232
scenario12_vote_fraction_demo_only,12,100,Linear Regression,157,43,target_plus_cohort,0.7209302325581395,0.64,0.8421052631578947,0.7272727272727273,0.8048245614035088,,0.26800683412749293,0.22487634179985994,0.3832383166683233
scenario12_vote_fraction_demo_only,12,100,Random Forest Regressor,157,43,target_plus_cohort,0.627906976744186,0.56,0.7368421052631579,0.6363636363636364,0.6469298245614035,,0.34211494893637884,0.28385032882707306,-0.005008536487625337
scenario12_vote_fraction_demo_only,12,100,Gradient Boosting Regressor,157,43,target_plus_cohort,0.5813953488372093,0.5217391304347826,0.631578947368421,0.5714285714285714,0.5986842105263158,,0.33781084714795384,0.29414158460573353,0.020120144896766612
scenario12_vote_fraction_demo_only,12,100,SVR (RBF),157,43,target_plus_cohort,0.6744186046511628,0.5925925925925926,0.8421052631578947,0.6956521739130435,0.743421052631579,,0.3494581823961677,0.2799372855343373,-0.04861502296971132
scenario12_vote_fraction_demo_only,12,101,Linear Regression,161,39,target_plus_cohort,0.5384615384615384,0.5333333333333333,0.42105263157894735,0.47058823529411764,0.5105263157894737,,0.32487849924716905,0.2849378410920513,0.06058535005892862
scenario12_vote_fraction_demo_only,12,101,Random Forest Regressor,161,39,target_plus_cohort,0.5641025641025641,0.5833333333333334,0.3684210526315789,0.45161290322580644,0.618421052631579,,0.3337628580078973,0.28074191628251444,0.008503011909313574
scenario12_vote_fraction_demo_only,12,101,Gradient Boosting Regressor,161,39,target_plus_cohort,0.5384615384615384,0.5555555555555556,0.2631578947368421,0.35714285714285715,0.5684210526315789,,0.36389238441447247,0.3110254136744315,-0.17858611802058832
scenario12_vote_fraction_demo_only,12,101,SVR (RBF),161,39,target_plus_cohort,0.5384615384615384,0.5555555555555556,0.2631578947368421,0.35714285714285715,0.5631578947368421,,0.3766718927144369,0.3037960635148423,-0.26282106200544453
scenario12_vote_fraction_demo_only,12,102,Linear Regression,156,44,target_plus_cohort,0.6363636363636364,0.5714285714285714,0.4444444444444444,0.5,0.7521367521367521,,0.2806151308967899,0.2387496381032668,0.2619417451234054
scenario12_vote_fraction_demo_only,12,102,Random Forest Regressor,156,44,target_plus_cohort,0.6363636363636364,0.5555555555555556,0.5555555555555556,0.5555555555555556,0.6623931623931623,,0.3239506150194933,0.2677726017669199,0.016382854799593782
scenario12_vote_fraction_demo_only,12,102,Gradient Boosting Regressor,156,44,target_plus_cohort,0.6363636363636364,0.5555555555555556,0.5555555555555556,0.5555555555555556,0.6452991452991452,,0.3262887583371891,0.27320051264680917,0.002132920435007124
scenario12_vote_fraction_demo_only,12,102,SVR (RBF),156,44,target_plus_cohort,0.6818181818181818,0.6666666666666666,0.4444444444444444,0.5333333333333333,0.6794871794871795,,0.31255675343991624,0.26310488482918437,0.08435685794374803
scenario12_vote_fraction_demo_only,12,103,Linear Regression,162,38,target_plus_cohort,0.5526315789473685,0.5,0.5294117647058824,0.5142857142857142,0.5826330532212884,,0.29450414304526235,0.2557074464799275,0.1884967294747062
scenario12_vote_fraction_demo_only,12,103,Random Forest Regressor,162,38,target_plus_cohort,0.5263157894736842,0.47619047619047616,0.5882352941176471,0.5263157894736842,0.5350140056022409,,0.33722166404308956,0.2774007073173739,-0.0639920700482901
scenario12_vote_fraction_demo_only,12,103,Gradient Boosting Regressor,162,38,target_plus_cohort,0.6052631578947368,0.5454545454545454,0.7058823529411765,0.6153846153846154,0.546218487394958,,0.365953597048513,0.2859479157646961,-0.2530243119977822
scenario12_vote_fraction_demo_only,12,103,SVR (RBF),162,38,target_plus_cohort,0.5263157894736842,0.48,0.7058823529411765,0.5714285714285714,0.49019607843137253,,0.3800011162722845,0.32345632286647485,-0.35106798084441837
scenario12_vote_fraction_demo_only,12,104,Linear Regression,156,44,target_plus_cohort,0.6590909090909091,0.631578947368421,0.6,0.6153846153846154,0.7083333333333334,,0.28701635561214606,0.2336577203626411,0.2837519764032892
scenario12_vote_fraction_demo_only,12,104,Random Forest Regressor,156,44,target_plus_cohort,0.7272727272727273,0.75,0.6,0.6666666666666666,0.725,,0.30298574826649594,0.2503113999991229,0.20183156872103325
scenario12_vote_fraction_demo_only,12,104,Gradient Boosting Regressor,156,44,target_plus_cohort,0.6363636363636364,0.625,0.5,0.5555555555555556,0.6479166666666668,,0.32912792659367945,0.26225932045699896,0.05815461750469075
scenario12_vote_fraction_demo_only,12,104,SVR (RBF),156,44,target_plus_cohort,0.6136363636363636,0.5882352941176471,0.5,0.5405405405405406,0.7208333333333333,,0.2864954870924293,0.23543934730322844,0.28634926761362445
scenario12_vote_fraction_demo_only,12,105,Linear Regression,158,42,target_plus_cohort,0.6190476190476191,0.625,0.5,0.5555555555555556,0.6363636363636364,,0.2911238485586782,0.24814767839980617,0.2354885571652804
scenario12_vote_fraction_demo_only,12,105,Random Forest Regressor,158,42,target_plus_cohort,0.5952380952380952,0.5882352941176471,0.5,0.5405405405405406,0.7,,0.31043606794822637,0.2602014409018377,0.130693813609442
scenario12_vote_fraction_demo_only,12,105,Gradient Boosting Regressor,158,42,target_plus_cohort,0.6190476190476191,0.5833333333333334,0.7,0.6363636363636364,0.640909090909091,,0.3176151514581988,0.2585376079064887,0.09002209812330009
scenario12_vote_fraction_demo_only,12,105,SVR (RBF),158,42,target_plus_cohort,0.6190476190476191,0.6,0.6,0.6,0.709090909090909,,0.3348153948850902,0.2698714186795034,-0.011205120000049584
scenario12_vote_fraction_demo_only,12,106,Linear Regression,157,43,target_plus_cohort,0.5116279069767442,0.47058823529411764,0.4,0.43243243243243246,0.5260869565217392,,0.37435921328710003,0.311128176250263,-0.23918701336569348
scenario12_vote_fraction_demo_only,12,106,Random Forest Regressor,157,43,target_plus_cohort,0.46511627906976744,0.42105263157894735,0.4,0.41025641025641024,0.5130434782608696,,0.4221206993215431,0.3549449809449809,-0.5755532990889412
scenario12_vote_fraction_demo_only,12,106,Gradient Boosting Regressor,157,43,target_plus_cohort,0.4883720930232558,0.4444444444444444,0.4,0.42105263157894735,0.5347826086956522,,0.42637279866766303,0.3575521824882348,-0.607454844562453
scenario12_vote_fraction_demo_only,12,106,SVR (RBF),157,43,target_plus_cohort,0.4186046511627907,0.35294117647058826,0.3,0.32432432432432434,0.4826086956521739,,0.4685475717478931,0.3876437979482366,-0.9411861519419156
scenario12_vote_fraction_demo_only,12,107,Linear Regression,160,40,target_plus_cohort,0.575,0.5238095238095238,0.6111111111111112,0.5641025641025641,0.696969696969697,,0.2732489141599134,0.22590994673633547,0.34600027074827666
scenario12_vote_fraction_demo_only,12,107,Random Forest Regressor,160,40,target_plus_cohort,0.775,0.7142857142857143,0.8333333333333334,0.7692307692307693,0.6818181818181819,,0.31590377028534705,0.25052362945696277,0.12588152922192108
scenario12_vote_fraction_demo_only,12,107,Gradient Boosting Regressor,160,40,target_plus_cohort,0.725,0.6842105263157895,0.7222222222222222,0.7027027027027027,0.6515151515151515,,0.33182349585160426,0.25427825534455445,0.03556059212397411
scenario12_vote_fraction_demo_only,12,107,SVR (RBF),160,40,target_plus_cohort,0.65,0.5909090909090909,0.7222222222222222,0.65,0.7070707070707071,,0.3119801322796869,0.2408996008361175,0.14746041222845885
scenario12_vote_fraction_demo_only,12,108,Linear Regression,161,39,target_plus_cohort,0.6410256410256411,0.625,0.5555555555555556,0.5882352941176471,0.582010582010582,,0.3195059086694555,0.2710739954712053,0.12551425065025545
scenario12_vote_fraction_demo_only,12,108,Random Forest Regressor,161,39,target_plus_cohort,0.5641025641025641,0.5333333333333333,0.4444444444444444,0.48484848484848486,0.6216931216931217,,0.34195911899654846,0.28324334315573635,-0.001713040525253673
scenario12_vote_fraction_demo_only,12,108,Gradient Boosting Regressor,161,39,target_plus_cohort,0.5897435897435898,0.5714285714285714,0.4444444444444444,0.5,0.4973544973544974,,0.35884065755636446,0.29477665939836556,-0.10305771412356712
scenario12_vote_fraction_demo_only,12,108,SVR (RBF),161,39,target_plus_cohort,0.41025641025641024,0.35294117647058826,0.3333333333333333,0.34285714285714286,0.4656084656084656,,0.40406858452983224,0.35872558717551317,-0.39863734801186745
scenario12_vote_fraction_demo_only,12,109,Linear Regression,159,41,target_plus_cohort,0.7560975609756098,0.7857142857142857,0.6111111111111112,0.6875,0.8309178743961352,,0.2907337646485131,0.23742091307351496,0.2725849270043126
scenario12_vote_fraction_demo_only,12,109,Random Forest Regressor,159,41,target_plus_cohort,0.5853658536585366,0.5555555555555556,0.2777777777777778,0.37037037037037035,0.7318840579710144,,0.333037445017044,0.2599727786516404,0.04549658988380112
scenario12_vote_fraction_demo_only,12,109,Gradient Boosting Regressor,159,41,target_plus_cohort,0.43902439024390244,0.3333333333333333,0.2777777777777778,0.30303030303030304,0.5917874396135265,,0.3645386895586145,0.2950340994488381,-0.1436117483643673
scenario12_vote_fraction_demo_only,12,109,SVR (RBF),159,41,target_plus_cohort,0.5121951219512195,0.42857142857142855,0.3333333333333333,0.375,0.5700483091787439,,0.35874811673458684,0.2825749377940775,-0.10756854161650176
scenario12_vote_fraction_demo_only,12,110,Linear Regression,158,42,target_plus_cohort,0.6666666666666666,0.6,0.7894736842105263,0.6818181818181818,0.8054919908466819,,0.26423340130056927,0.21795048141138784,0.4217782713610395
scenario12_vote_fraction_demo_only,12,110,Random Forest Regressor,158,42,target_plus_cohort,0.47619047619047616,0.44,0.5789473684210527,0.5,0.41876430205949655,,0.3939809935711866,0.3462284384486767,-0.285492418276895
scenario12_vote_fraction_demo_only,12,110,Gradient Boosting Regressor,158,42,target_plus_cohort,0.4523809523809524,0.4090909090909091,0.47368421052631576,0.43902439024390244,0.5194508009153318,,0.36616408156057123,0.3076972330805102,-0.1103770022472792
scenario12_vote_fraction_demo_only,12,110,SVR (RBF),158,42,target_plus_cohort,0.5714285714285714,0.5238095238095238,0.5789473684210527,0.55,0.5491990846681922,,0.37963067386958205,0.2965957690386107,-0.19355261609988283
scenario12_vote_fraction_demo_only,12,111,Linear Regression,159,41,target_plus_cohort,0.4878048780487805,0.42857142857142855,0.3157894736842105,0.36363636363636365,0.4545454545454546,,0.34704942791958376,0.29500262322585846,-0.18477683204729956
scenario12_vote_fraction_demo_only,12,111,Random Forest Regressor,159,41,target_plus_cohort,0.5121951219512195,0.4444444444444444,0.21052631578947367,0.2857142857142857,0.5,,0.3771278139652291,0.3036356196498472,-0.399042845288313
scenario12_vote_fraction_demo_only,12,111,Gradient Boosting Regressor,159,41,target_plus_cohort,0.5853658536585366,0.6,0.3157894736842105,0.41379310344827586,0.4880382775119617,,0.3826670566394518,0.3005615165691942,-0.4404428734662593
scenario12_vote_fraction_demo_only,12,111,SVR (RBF),159,41,target_plus_cohort,0.4634146341463415,0.36363636363636365,0.21052631578947367,0.26666666666666666,0.4282296650717703,,0.4236696994386587,0.3509045472414939,-0.7656665794352053
scenario12_vote_fraction_demo_only,12,112,Linear Regression,161,39,target_plus_cohort,0.7692307692307693,0.8,0.6666666666666666,0.7272727272727273,0.7724867724867726,,0.26768775733368283,0.2296382624477324,0.38616454865386574
scenario12_vote_fraction_demo_only,12,112,Random Forest Regressor,161,39,target_plus_cohort,0.5128205128205128,0.47619047619047616,0.5555555555555556,0.5128205128205128,0.5026455026455027,,0.37812381447791427,0.32606686151771613,-0.22479388455705074
scenario12_vote_fraction_demo_only,12,112,Gradient Boosting Regressor,161,39,target_plus_cohort,0.46153846153846156,0.43478260869565216,0.5555555555555556,0.4878048780487805,0.4841269841269842,,0.41881074710402355,0.3629193893683103,-0.5025557115330965
scenario12_vote_fraction_demo_only,12,112,SVR (RBF),161,39,target_plus_cohort,0.5641025641025641,0.5238095238095238,0.6111111111111112,0.5641025641025641,0.5634920634920635,,0.42150864361861357,0.34610687795936457,-0.5219763999600684
scenario12_vote_fraction_demo_only,12,113,Linear Regression,157,43,target_plus_cohort,0.5348837209302325,0.47619047619047616,0.5263157894736842,0.5,0.4692982456140351,,0.3463185340990406,0.30357152760391237,-0.0684495432622696
scenario12_vote_fraction_demo_only,12,113,Random Forest Regressor,157,43,target_plus_cohort,0.4883720930232558,0.42105263157894735,0.42105263157894735,0.42105263157894735,0.5592105263157895,,0.3347662747576906,0.2963439257412126,0.001642815054244351
scenario12_vote_fraction_demo_only,12,113,Gradient Boosting Regressor,157,43,target_plus_cohort,0.4418604651162791,0.35294117647058826,0.3157894736842105,0.3333333333333333,0.581140350877193,,0.3429386928197101,0.3003244959913172,-0.047696576859928896
scenario12_vote_fraction_demo_only,12,113,SVR (RBF),157,43,target_plus_cohort,0.627906976744186,0.5714285714285714,0.631578947368421,0.6,0.5328947368421053,,0.35274837401931836,0.29690553924198987,-0.10849206810847689
scenario12_vote_fraction_demo_only,12,114,Linear Regression,160,40,target_plus_cohort,0.75,0.7333333333333333,0.6470588235294118,0.6875,0.751918158567775,,0.2600122547302607,0.22587711840815575,0.4135350809742402
scenario12_vote_fraction_demo_only,12,114,Random Forest Regressor,160,40,target_plus_cohort,0.8,0.68,1.0,0.8095238095238095,0.8695652173913043,,0.2606647648931651,0.21350581093289422,0.41058787767587335
scenario12_vote_fraction_demo_only,12,114,Gradient Boosting Regressor,160,40,target_plus_cohort,0.75,0.6296296296296297,1.0,0.7727272727272727,0.7826086956521738,,0.2695691883100371,0.2023045211124999,0.3696309151082501
scenario12_vote_fraction_demo_only,12,114,SVR (RBF),160,40,target_plus_cohort,0.725,0.6666666666666666,0.7058823529411765,0.6857142857142857,0.7340153452685423,,0.3455782422125357,0.2532377357949997,-0.03597001775070252
scenario12_vote_fraction_demo_only,12,115,Linear Regression,157,43,target_plus_cohort,0.5348837209302325,0.5,0.5,0.5,0.5217391304347826,,0.37445837417576405,0.31863852434346146,-0.1941584494746793
scenario12_vote_fraction_demo_only,12,115,Random Forest Regressor,157,43,target_plus_cohort,0.6046511627906976,0.5714285714285714,0.6,0.5853658536585366,0.5565217391304348,,0.379725922603092,0.30690011718534294,-0.2279914786870727
scenario12_vote_fraction_demo_only,12,115,Gradient Boosting Regressor,157,43,target_plus_cohort,0.5116279069767442,0.47619047619047616,0.5,0.4878048780487805,0.4347826086956522,,0.43278545581046923,0.35701072642058257,-0.5951450337333979
scenario12_vote_fraction_demo_only,12,115,SVR (RBF),157,43,target_plus_cohort,0.5813953488372093,0.5555555555555556,0.5,0.5263157894736842,0.4782608695652174,,0.4266967567963286,0.338851020232834,-0.5505777402953262
scenario12_vote_fraction_demo_only,12,116,Linear Regression,160,40,target_plus_cohort,0.5,0.4166666666666667,0.2777777777777778,0.3333333333333333,0.48989898989898994,,0.3351017635209044,0.28999128128733076,0.016409997826392853
scenario12_vote_fraction_demo_only,12,116,Random Forest Regressor,160,40,target_plus_cohort,0.35,0.21428571428571427,0.16666666666666666,0.1875,0.3535353535353535,,0.3965987652966501,0.3493912854121186,-0.3777277135897288
scenario12_vote_fraction_demo_only,12,116,Gradient Boosting Regressor,160,40,target_plus_cohort,0.425,0.3333333333333333,0.2777777777777778,0.30303030303030304,0.3181818181818182,,0.41604382208678553,0.36980358442393857,-0.5161383523788106
scenario12_vote_fraction_demo_only,12,116,SVR (RBF),160,40,target_plus_cohort,0.425,0.2727272727272727,0.16666666666666666,0.20689655172413793,0.35858585858585856,,0.441295710473556,0.3695487107970571,-0.7057685029111873
scenario12_vote_fraction_demo_only,12,117,Linear Regression,158,42,target_plus_cohort,0.5714285714285714,0.5,0.6111111111111112,0.55,0.5439814814814814,,0.359732975914666,0.3052939190945296,-0.20567984415237972
scenario12_vote_fraction_demo_only,12,117,Random Forest Regressor,158,42,target_plus_cohort,0.5238095238095238,0.45,0.5,0.47368421052631576,0.44212962962962965,,0.38641728644016227,0.34639006239204645,-0.3911840590189217
scenario12_vote_fraction_demo_only,12,117,Gradient Boosting Regressor,158,42,target_plus_cohort,0.42857142857142855,0.3125,0.2777777777777778,0.29411764705882354,0.4444444444444444,,0.41666665963914457,0.35674180236236874,-0.6175175510715283
scenario12_vote_fraction_demo_only,12,117,SVR (RBF),158,42,target_plus_cohort,0.6428571428571429,0.5789473684210527,0.6111111111111112,0.5945945945945946,0.5625,,0.4058820715895024,0.3284079978271621,-0.5348687235069778
scenario12_vote_fraction_demo_only,12,118,Linear Regression,156,44,target_plus_cohort,0.6363636363636364,0.5789473684210527,0.5789473684210527,0.5789473684210527,0.6652631578947369,,0.32458711085971,0.2674499161825921,0.07612644531872959
scenario12_vote_fraction_demo_only,12,118,Random Forest Regressor,156,44,target_plus_cohort,0.6818181818181818,0.6470588235294118,0.5789473684210527,0.6111111111111112,0.6378947368421053,,0.35520674486689885,0.28036751940539806,-0.10640060079511793
scenario12_vote_fraction_demo_only,12,118,Gradient Boosting Regressor,156,44,target_plus_cohort,0.6363636363636364,0.6,0.47368421052631576,0.5294117647058824,0.6252631578947369,,0.37300821061226574,0.2867342006450351,-0.2200757026718072
scenario12_vote_fraction_demo_only,12,118,SVR (RBF),156,44,target_plus_cohort,0.5909090909090909,0.6,0.15789473684210525,0.25,0.5242105263157895,,0.4068983049673617,0.3111076223320693,-0.4518500260284237
scenario12_vote_fraction_demo_only,12,119,Linear Regression,158,42,target_plus_cohort,0.6428571428571429,0.625,0.5263157894736842,0.5714285714285714,0.5949656750572082,,0.30107244421883317,0.2688303348769316,0.23818214175774577
scenario12_vote_fraction_demo_only,12,119,Random Forest Regressor,158,42,target_plus_cohort,0.6904761904761905,0.8,0.42105263157894735,0.5517241379310345,0.585812356979405,,0.351861750666942,0.29267673052990517,-0.04052675254751992
scenario12_vote_fraction_demo_only,12,119,Gradient Boosting Regressor,158,42,target_plus_cohort,0.5714285714285714,0.5454545454545454,0.3157894736842105,0.4,0.5675057208237986,,0.3625408274743024,0.30622067350605964,-0.10464562190333337
scenario12_vote_fraction_demo_only,12,119,SVR (RBF),158,42,target_plus_cohort,0.6666666666666666,0.6666666666666666,0.5263157894736842,0.5882352941176471,0.6361556064073227,,0.34012719627934795,0.28550421577536106,0.02771888449701232
scenario12_vote_fraction_demo_only,12,120,Linear Regression,158,42,target_plus_cohort,0.6666666666666666,0.6666666666666666,0.4444444444444444,0.5333333333333333,0.6388888888888888,,0.3268977228814749,0.26998086532508125,0.040959278366542895
scenario12_vote_fraction_demo_only,12,120,Random Forest Regressor,158,42,target_plus_cohort,0.5952380952380952,0.5333333333333333,0.4444444444444444,0.48484848484848486,0.5578703703703703,,0.3664978995798033,0.2998982470351517,-0.2054695298210103
scenario12_vote_fraction_demo_only,12,120,Gradient Boosting Regressor,158,42,target_plus_cohort,0.5952380952380952,0.5294117647058824,0.5,0.5142857142857142,0.5324074074074074,,0.37861002351631706,0.3066229734602335,-0.2864635106410107
scenario12_vote_fraction_demo_only,12,120,SVR (RBF),158,42,target_plus_cohort,0.5714285714285714,0.5,0.16666666666666666,0.25,0.4930555555555555,,0.38748226834395205,0.3239109112057362,-0.34746323429550663
scenario12_vote_fraction_demo_only,12,121,Linear Regression,158,42,target_plus_cohort,0.5952380952380952,0.5263157894736842,0.5555555555555556,0.5405405405405406,0.625,,0.30195759193436167,0.26425107873150094,0.1817139190501681
scenario12_vote_fraction_demo_only,12,121,Random Forest Regressor,158,42,target_plus_cohort,0.6428571428571429,0.6153846153846154,0.4444444444444444,0.5161290322580645,0.6273148148148149,,0.3519772022130207,0.3008474988415464,-0.11184008373909293
scenario12_vote_fraction_demo_only,12,121,Gradient Boosting Regressor,158,42,target_plus_cohort,0.6428571428571429,0.6153846153846154,0.4444444444444444,0.5161290322580645,0.5694444444444444,,0.3879555269612363,0.3141257853585391,-0.3507567425238878
scenario12_vote_fraction_demo_only,12,121,SVR (RBF),158,42,target_plus_cohort,0.5714285714285714,0.5,0.3888888888888889,0.4375,0.6157407407407408,,0.33160941088425283,0.2871866175390221,0.013114083199530113
scenario12_vote_fraction_demo_only,12,122,Linear Regression,158,42,target_plus_cohort,0.5238095238095238,0.45454545454545453,0.5555555555555556,0.5,0.49999999999999994,,0.36229682018518106,0.3059136517833564,-0.11317716902087271
scenario12_vote_fraction_demo_only,12,122,Random Forest Regressor,158,42,target_plus_cohort,0.5714285714285714,0.5,0.3888888888888889,0.4375,0.5787037037037037,,0.3809423932333654,0.3105700842367508,-0.23070469558466344
scenario12_vote_fraction_demo_only,12,122,Gradient Boosting Regressor,158,42,target_plus_cohort,0.5,0.4117647058823529,0.3888888888888889,0.4,0.5740740740740741,,0.4034744537657422,0.32823072201439585,-0.3805982877909564
scenario12_vote_fraction_demo_only,12,122,SVR (RBF),158,42,target_plus_cohort,0.4523809523809524,0.2727272727272727,0.16666666666666666,0.20689655172413793,0.5115740740740741,,0.4415036573757851,0.35438629780812664,-0.6531180086346504
scenario12_vote_fraction_demo_only,12,123,Linear Regression,157,43,target_plus_cohort,0.627906976744186,0.6,0.6,0.6,0.6347826086956523,,0.295927564384296,0.2477023023971468,0.22566187785650416
scenario12_vote_fraction_demo_only,12,123,Random Forest Regressor,157,43,target_plus_cohort,0.6046511627906976,0.5882352941176471,0.5,0.5405405405405406,0.6260869565217391,,0.3157172110616683,0.2638861893920033,0.11863395120241982
scenario12_vote_fraction_demo_only,12,123,Gradient Boosting Regressor,157,43,target_plus_cohort,0.4883720930232558,0.4444444444444444,0.4,0.42105263157894735,0.5173913043478261,,0.34598202958760066,0.2759462510569934,-0.05844156312227389
scenario12_vote_fraction_demo_only,12,123,SVR (RBF),157,43,target_plus_cohort,0.5813953488372093,0.5454545454545454,0.6,0.5714285714285714,0.5130434782608696,,0.36698260457486703,0.29237248097404417,-0.19083271929844137
scenario12_vote_fraction_demo_only,12,124,Linear Regression,159,41,target_plus_cohort,0.5853658536585366,0.5454545454545454,0.3333333333333333,0.41379310344827586,0.5555555555555556,,0.3175711647100069,0.2733837695849818,0.04279704755985925
scenario12_vote_fraction_demo_only,12,124,Random Forest Regressor,159,41,target_plus_cohort,0.6341463414634146,0.6153846153846154,0.4444444444444444,0.5161290322580645,0.6135265700483091,,0.34271738298529736,0.29508622978948185,-0.11479284215671393
scenario12_vote_fraction_demo_only,12,124,Gradient Boosting Regressor,159,41,target_plus_cohort,0.6097560975609756,0.6,0.3333333333333333,0.42857142857142855,0.6811594202898551,,0.35523444159814566,0.3045275027125761,-0.19771099878254605
scenario12_vote_fraction_demo_only,12,124,SVR (RBF),159,41,target_plus_cohort,0.4634146341463415,0.16666666666666666,0.05555555555555555,0.08333333333333333,0.5628019323671498,,0.3763699585166213,0.33228324533305964,-0.3444721428475339
scenario12_vote_fraction_demo_only,12,125,Linear Regression,157,43,target_plus_cohort,0.6511627906976745,0.5882352941176471,0.5555555555555556,0.5714285714285714,0.6844444444444444,,0.2891221856965258,0.24385647462379242,0.2995727833248324
scenario12_vote_fraction_demo_only,12,125,Random Forest Regressor,157,43,target_plus_cohort,0.7209302325581395,0.6875,0.6111111111111112,0.6470588235294118,0.76,,0.2874668907477983,0.2331084135207483,0.30757005733667986
scenario12_vote_fraction_demo_only,12,125,Gradient Boosting Regressor,157,43,target_plus_cohort,0.5813953488372093,0.5,0.2777777777777778,0.35714285714285715,0.6977777777777778,,0.30603141424529134,0.2463561844108681,0.21524842685334478
scenario12_vote_fraction_demo_only,12,125,SVR (RBF),157,43,target_plus_cohort,0.6744186046511628,0.6428571428571429,0.5,0.5625,0.7333333333333334,,0.29068667855237773,0.23807716445286778,0.29197199546510466
scenario12_vote_fraction_demo_only,12,126,Linear Regression,160,40,target_plus_cohort,0.625,0.6666666666666666,0.3333333333333333,0.4444444444444444,0.611111111111111,,0.317066163446028,0.2764614889380157,0.10417963562232657
scenario12_vote_fraction_demo_only,12,126,Random Forest Regressor,160,40,target_plus_cohort,0.55,0.5,0.3333333333333333,0.4,0.5101010101010102,,0.38049889980704804,0.3098024608107942,-0.2901135789993723
scenario12_vote_fraction_demo_only,12,126,Gradient Boosting Regressor,160,40,target_plus_cohort,0.475,0.4,0.3333333333333333,0.36363636363636365,0.505050505050505,,0.3869488496266463,0.3214108983183464,-0.3342224851945188
scenario12_vote_fraction_demo_only,12,126,SVR (RBF),160,40,target_plus_cohort,0.5,0.4375,0.3888888888888889,0.4117647058823529,0.5404040404040403,,0.4085772250773687,0.334819294801593,-0.4875427125418861
scenario12_vote_fraction_demo_only,12,127,Linear Regression,157,43,target_plus_cohort,0.813953488372093,0.9230769230769231,0.631578947368421,0.75,0.8179824561403509,,0.2607729729783944,0.2146400318256597,0.42498459079353834
scenario12_vote_fraction_demo_only,12,127,Random Forest Regressor,157,43,target_plus_cohort,0.7906976744186046,0.9166666666666666,0.5789473684210527,0.7096774193548387,0.8245614035087719,,0.3217271156408271,0.2550785586793339,0.12475496189294744
scenario12_vote_fraction_demo_only,12,127,Gradient Boosting Regressor,157,43,target_plus_cohort,0.7906976744186046,0.9166666666666666,0.5789473684210527,0.7096774193548387,0.8092105263157895,,0.312193951626512,0.2400714589108057,0.1758556297891991
scenario12_vote_fraction_demo_only,12,127,SVR (RBF),157,43,target_plus_cohort,0.6744186046511628,0.7272727272727273,0.42105263157894735,0.5333333333333333,0.7478070175438596,,0.32377721832428996,0.2511435835597265,0.1135649872317751
scenario12_vote_fraction_demo_only,12,128,Linear Regression,155,45,target_plus_cohort,0.6666666666666666,0.6666666666666666,0.5,0.5714285714285714,0.64,,0.31269021420787074,0.274910691977126,0.20234893716725133
scenario12_vote_fraction_demo_only,12,128,Random Forest Regressor,155,45,target_plus_cohort,0.7111111111111111,0.7692307692307693,0.5,0.6060606060606061,0.62,,0.3318926081393304,0.2791535931147042,0.10137286556560776
scenario12_vote_fraction_demo_only,12,128,Gradient Boosting Regressor,155,45,target_plus_cohort,0.6222222222222222,0.5882352941176471,0.5,0.5405405405405406,0.6519999999999999,,0.3364277989700716,0.2846891332117504,0.07664625114628054
scenario12_vote_fraction_demo_only,12,128,SVR (RBF),155,45,target_plus_cohort,0.6222222222222222,0.6153846153846154,0.4,0.48484848484848486,0.608,,0.40285216701557836,0.349081675342074,-0.32396278104306697
scenario12_vote_fraction_demo_only,12,129,Linear Regression,157,43,target_plus_cohort,0.7209302325581395,0.7058823529411765,0.631578947368421,0.6666666666666666,0.7127192982456141,,0.32340044133413204,0.24696008523928226,0.014469798290765334
scenario12_vote_fraction_demo_only,12,129,Random Forest Regressor,157,43,target_plus_cohort,0.6511627906976745,0.6428571428571429,0.47368421052631576,0.5454545454545454,0.6820175438596491,,0.348314914150464,0.27158060919994825,-0.1432280253806988
scenario12_vote_fraction_demo_only,12,129,Gradient Boosting Regressor,157,43,target_plus_cohort,0.5813953488372093,0.5454545454545454,0.3157894736842105,0.4,0.574561403508772,,0.4048907931881182,0.3025764597439406,-0.5447724812638199
scenario12_vote_fraction_demo_only,12,129,SVR (RBF),157,43,target_plus_cohort,0.5348837209302325,0.47058823529411764,0.42105263157894735,0.4444444444444444,0.5657894736842106,,0.43297225203947626,0.31661512469966907,-0.766480511332013
scenario5_h3d_agree_ct_only,5,100,Logistic Regression,118,32,target_plus_cohort,0.84375,0.9,0.6923076923076923,0.782608695652174,0.874493927125506,0.894818010936432,,,
scenario5_h3d_agree_ct_only,5,100,Random Forest,118,32,target_plus_cohort,0.78125,0.875,0.5384615384615384,0.6666666666666666,0.8704453441295547,0.8596764346764347,,,
scenario5_h3d_agree_ct_only,5,100,Gradient Boosting,118,32,target_plus_cohort,0.71875,0.6428571428571429,0.6923076923076923,0.6666666666666666,0.7530364372469636,0.6545958742112588,,,
scenario5_h3d_agree_ct_only,5,100,SVM (RBF),118,32,target_plus_cohort,0.78125,0.875,0.5384615384615384,0.6666666666666666,0.8218623481781376,0.8184620934620935,,,
scenario5_h3d_agree_ct_only,5,101,Logistic Regression,119,31,target_plus_cohort,0.7419354838709677,1.0,0.38461538461538464,0.5555555555555556,0.8247863247863247,0.7843727351080292,,,
scenario5_h3d_agree_ct_only,5,101,Random Forest,119,31,target_plus_cohort,0.8387096774193549,1.0,0.6153846153846154,0.7619047619047619,0.8547008547008548,0.8602112011319172,,,
scenario5_h3d_agree_ct_only,5,101,Gradient Boosting,119,31,target_plus_cohort,0.7096774193548387,0.7,0.5384615384615384,0.6086956521739131,0.8290598290598291,0.8140005848984175,,,
scenario5_h3d_agree_ct_only,5,101,SVM (RBF),119,31,target_plus_cohort,0.7096774193548387,1.0,0.3076923076923077,0.47058823529411764,0.8205128205128205,0.777379011399016,,,
scenario5_h3d_agree_ct_only,5,102,Logistic Regression,122,28,target_plus_cohort,0.6428571428571429,0.5714285714285714,0.36363636363636365,0.4444444444444444,0.7165775401069518,0.6289953711006343,,,
scenario5_h3d_agree_ct_only,5,102,Random Forest,122,28,target_plus_cohort,0.6428571428571429,0.5714285714285714,0.36363636363636365,0.4444444444444444,0.7005347593582887,0.6521079883308986,,,
scenario5_h3d_agree_ct_only,5,102,Gradient Boosting,122,28,target_plus_cohort,0.6428571428571429,0.6,0.2727272727272727,0.375,0.7219251336898396,0.5982908725003586,,,
scenario5_h3d_agree_ct_only,5,102,SVM (RBF),122,28,target_plus_cohort,0.5714285714285714,0.4444444444444444,0.36363636363636365,0.4,0.7112299465240641,0.6083266480993754,,,
scenario5_h3d_agree_ct_only,5,103,Logistic Regression,119,31,target_plus_cohort,0.7096774193548387,0.7777777777777778,0.5,0.6086956521739131,0.7773109243697479,0.7812929277991388,,,
scenario5_h3d_agree_ct_only,5,103,Random Forest,119,31,target_plus_cohort,0.7096774193548387,0.7777777777777778,0.5,0.6086956521739131,0.8361344537815126,0.797933726039316,,,
scenario5_h3d_agree_ct_only,5,103,Gradient Boosting,119,31,target_plus_cohort,0.7096774193548387,0.7272727272727273,0.5714285714285714,0.64,0.8571428571428572,0.8254769040483325,,,
scenario5_h3d_agree_ct_only,5,103,SVM (RBF),119,31,target_plus_cohort,0.6129032258064516,0.6666666666666666,0.2857142857142857,0.4,0.773109243697479,0.721049705307224,,,
scenario5_h3d_agree_ct_only,5,104,Logistic Regression,120,30,target_plus_cohort,0.7,0.6153846153846154,0.6666666666666666,0.64,0.7546296296296297,0.7320241892610314,,,
scenario5_h3d_agree_ct_only,5,104,Random Forest,120,30,target_plus_cohort,0.7333333333333333,0.6666666666666666,0.6666666666666666,0.6666666666666666,0.7916666666666666,0.6942888331475289,,,
scenario5_h3d_agree_ct_only,5,104,Gradient Boosting,120,30,target_plus_cohort,0.7666666666666667,0.7272727272727273,0.6666666666666666,0.6956521739130435,0.7546296296296297,0.6616515429015429,,,
scenario5_h3d_agree_ct_only,5,104,SVM (RBF),120,30,target_plus_cohort,0.8,0.8,0.6666666666666666,0.7272727272727273,0.7222222222222221,0.7215313621563622,,,
scenario5_h3d_agree_ct_only,5,105,Logistic Regression,122,28,target_plus_cohort,0.5357142857142857,0.46153846153846156,0.5,0.48,0.6822916666666666,0.7052744708994709,,,
scenario5_h3d_agree_ct_only,5,105,Random Forest,122,28,target_plus_cohort,0.5357142857142857,0.4666666666666667,0.5833333333333334,0.5185185185185185,0.6666666666666666,0.671577723532058,,,
scenario5_h3d_agree_ct_only,5,105,Gradient Boosting,122,28,target_plus_cohort,0.5714285714285714,0.5,0.75,0.6,0.6458333333333333,0.6543284627166207,,,
scenario5_h3d_agree_ct_only,5,105,SVM (RBF),122,28,target_plus_cohort,0.5357142857142857,0.46153846153846156,0.5,0.48,0.5885416666666666,0.5807478645272258,,,
scenario5_h3d_agree_ct_only,5,106,Logistic Regression,122,28,target_plus_cohort,0.7857142857142857,1.0,0.5,0.6666666666666666,0.9270833333333334,0.9368908382066278,,,
scenario5_h3d_agree_ct_only,5,106,Random Forest,122,28,target_plus_cohort,0.7857142857142857,0.875,0.5833333333333334,0.7,0.9375,0.9206390831390833,,,
scenario5_h3d_agree_ct_only,5,106,Gradient Boosting,122,28,target_plus_cohort,0.8214285714285714,0.8888888888888888,0.6666666666666666,0.7619047619047619,0.9166666666666667,0.9140376984126984,,,
scenario5_h3d_agree_ct_only,5,106,SVM (RBF),122,28,target_plus_cohort,0.75,0.7777777777777778,0.5833333333333334,0.6666666666666666,0.875,0.8476868651501005,,,
scenario5_h3d_agree_ct_only,5,107,Logistic Regression,119,31,target_plus_cohort,0.7741935483870968,0.875,0.5384615384615384,0.6666666666666666,0.8632478632478632,0.8492627541540583,,,
scenario5_h3d_agree_ct_only,5,107,Random Forest,119,31,target_plus_cohort,0.6774193548387096,0.6666666666666666,0.46153846153846156,0.5454545454545454,0.7991452991452992,0.7486437094560663,,,
scenario5_h3d_agree_ct_only,5,107,Gradient Boosting,119,31,target_plus_cohort,0.7419354838709677,0.7272727272727273,0.6153846153846154,0.6666666666666666,0.7264957264957266,0.6397829678194051,,,
scenario5_h3d_agree_ct_only,5,107,SVM (RBF),119,31,target_plus_cohort,0.7419354838709677,0.8571428571428571,0.46153846153846156,0.6,0.8461538461538461,0.8387509620246192,,,
scenario5_h3d_agree_ct_only,5,108,Logistic Regression,118,32,target_plus_cohort,0.75,0.6428571428571429,0.75,0.6923076923076923,0.8666666666666667,0.8517223187266262,,,
scenario5_h3d_agree_ct_only,5,108,Random Forest,118,32,target_plus_cohort,0.78125,0.6923076923076923,0.75,0.72,0.8625,0.8545514409101366,,,
scenario5_h3d_agree_ct_only,5,108,Gradient Boosting,118,32,target_plus_cohort,0.71875,0.6,0.75,0.6666666666666666,0.7708333333333334,0.794241470534574,,,
scenario5_h3d_agree_ct_only,5,108,SVM (RBF),118,32,target_plus_cohort,0.71875,0.6,0.75,0.6666666666666666,0.7541666666666667,0.7600888912483116,,,
scenario5_h3d_agree_ct_only,5,109,Logistic Regression,119,31,target_plus_cohort,0.7741935483870968,0.8571428571428571,0.5,0.631578947368421,0.7631578947368421,0.7349937425198315,,,
scenario5_h3d_agree_ct_only,5,109,Random Forest,119,31,target_plus_cohort,0.6774193548387096,0.625,0.4166666666666667,0.5,0.793859649122807,0.6776719679099711,,,
scenario5_h3d_agree_ct_only,5,109,Gradient Boosting,119,31,target_plus_cohort,0.6129032258064516,0.5,0.4166666666666667,0.45454545454545453,0.7719298245614035,0.6955206568264349,,,
scenario5_h3d_agree_ct_only,5,109,SVM (RBF),119,31,target_plus_cohort,0.7096774193548387,0.7142857142857143,0.4166666666666667,0.5263157894736842,0.7587719298245614,0.6738451363451364,,,
scenario5_h3d_agree_ct_only,5,110,Logistic Regression,122,28,target_plus_cohort,0.75,0.625,0.9090909090909091,0.7407407407407407,0.8716577540106952,0.82495004995005,,,
scenario5_h3d_agree_ct_only,5,110,Random Forest,122,28,target_plus_cohort,0.6785714285714286,0.5714285714285714,0.7272727272727273,0.64,0.8663101604278074,0.8500649462336769,,,
scenario5_h3d_agree_ct_only,5,110,Gradient Boosting,122,28,target_plus_cohort,0.75,0.6428571428571429,0.8181818181818182,0.72,0.8877005347593583,0.8235143644234554,,,
scenario5_h3d_agree_ct_only,5,110,SVM (RBF),122,28,target_plus_cohort,0.75,0.6428571428571429,0.8181818181818182,0.72,0.8823529411764706,0.863502526181952,,,
scenario5_h3d_agree_ct_only,5,111,Logistic Regression,120,30,target_plus_cohort,0.7666666666666667,0.7142857142857143,0.7692307692307693,0.7407407407407407,0.8461538461538461,0.8651475086218348,,,
scenario5_h3d_agree_ct_only,5,111,Random Forest,120,30,target_plus_cohort,0.6666666666666666,0.6,0.6923076923076923,0.6428571428571429,0.7873303167420814,0.7869121200569162,,,
scenario5_h3d_agree_ct_only,5,111,Gradient Boosting,120,30,target_plus_cohort,0.6666666666666666,0.6,0.6923076923076923,0.6428571428571429,0.7104072398190047,0.7640485306548654,,,
scenario5_h3d_agree_ct_only,5,111,SVM (RBF),120,30,target_plus_cohort,0.7,0.625,0.7692307692307693,0.6896551724137931,0.7239819004524888,0.725450831220062,,,
scenario5_h3d_agree_ct_only,5,112,Logistic Regression,119,31,target_plus_cohort,0.8064516129032258,0.8181818181818182,0.6923076923076923,0.75,0.8931623931623932,0.894145854145854,,,
scenario5_h3d_agree_ct_only,5,112,Random Forest,119,31,target_plus_cohort,0.7096774193548387,0.7,0.5384615384615384,0.6086956521739131,0.8717948717948718,0.8189423321776261,,,
scenario5_h3d_agree_ct_only,5,112,Gradient Boosting,119,31,target_plus_cohort,0.8064516129032258,0.7692307692307693,0.7692307692307693,0.7692307692307693,0.9102564102564104,0.8633394383394382,,,
scenario5_h3d_agree_ct_only,5,112,SVM (RBF),119,31,target_plus_cohort,0.8064516129032258,0.8181818181818182,0.6923076923076923,0.75,0.8589743589743591,0.8671495171495169,,,
scenario5_h3d_agree_ct_only,5,113,Logistic Regression,122,28,target_plus_cohort,0.6428571428571429,0.625,0.4166666666666667,0.5,0.6822916666666667,0.6939638498419963,,,
scenario5_h3d_agree_ct_only,5,113,Random Forest,122,28,target_plus_cohort,0.6071428571428571,0.5714285714285714,0.3333333333333333,0.42105263157894735,0.640625,0.6658012455380877,,,
scenario5_h3d_agree_ct_only,5,113,Gradient Boosting,122,28,target_plus_cohort,0.6071428571428571,0.5555555555555556,0.4166666666666667,0.47619047619047616,0.7239583333333333,0.7241536241536242,,,
scenario5_h3d_agree_ct_only,5,113,SVM (RBF),122,28,target_plus_cohort,0.6428571428571429,0.6666666666666666,0.3333333333333333,0.4444444444444444,0.6822916666666666,0.6908101322145945,,,
scenario5_h3d_agree_ct_only,5,114,Logistic Regression,119,31,target_plus_cohort,0.7741935483870968,0.6923076923076923,0.75,0.72,0.9035087719298246,0.89546783625731,,,
scenario5_h3d_agree_ct_only,5,114,Random Forest,119,31,target_plus_cohort,0.8709677419354839,0.9,0.75,0.8181818181818182,0.912280701754386,0.9202681577681578,,,
scenario5_h3d_agree_ct_only,5,114,Gradient Boosting,119,31,target_plus_cohort,0.7419354838709677,0.6666666666666666,0.6666666666666666,0.6666666666666666,0.8114035087719298,0.7999364061864064,,,
scenario5_h3d_agree_ct_only,5,114,SVM (RBF),119,31,target_plus_cohort,0.7419354838709677,0.6666666666666666,0.6666666666666666,0.6666666666666666,0.7982456140350878,0.7933272946859904,,,
scenario5_h3d_agree_ct_only,5,115,Logistic Regression,120,30,target_plus_cohort,0.8333333333333334,0.8333333333333334,0.7692307692307693,0.8,0.8959276018099548,0.8686879359956281,,,
scenario5_h3d_agree_ct_only,5,115,Random Forest,120,30,target_plus_cohort,0.8333333333333334,0.8333333333333334,0.7692307692307693,0.8,0.8823529411764707,0.9039165962242883,,,
scenario5_h3d_agree_ct_only,5,115,Gradient Boosting,120,30,target_plus_cohort,0.8333333333333334,1.0,0.6153846153846154,0.7619047619047619,0.8190045248868778,0.8550283406052634,,,
scenario5_h3d_agree_ct_only,5,115,SVM (RBF),120,30,target_plus_cohort,0.8,0.8181818181818182,0.6923076923076923,0.75,0.8325791855203619,0.7699989623902668,,,
scenario5_h3d_agree_ct_only,5,116,Logistic Regression,121,29,target_plus_cohort,0.6206896551724138,0.5384615384615384,0.5833333333333334,0.56,0.75,0.7646563060885313,,,
scenario5_h3d_agree_ct_only,5,116,Random Forest,121,29,target_plus_cohort,0.6206896551724138,0.5384615384615384,0.5833333333333334,0.56,0.7647058823529411,0.759733893557423,,,
scenario5_h3d_agree_ct_only,5,116,Gradient Boosting,121,29,target_plus_cohort,0.6896551724137931,0.6153846153846154,0.6666666666666666,0.64,0.803921568627451,0.8258654210476463,,,
scenario5_h3d_agree_ct_only,5,116,SVM (RBF),121,29,target_plus_cohort,0.6206896551724138,0.5384615384615384,0.5833333333333334,0.56,0.6764705882352942,0.7374554290315161,,,
scenario5_h3d_agree_ct_only,5,117,Logistic Regression,118,32,target_plus_cohort,0.75,0.75,0.6428571428571429,0.6923076923076923,0.8412698412698413,0.8564331501831501,,,
scenario5_h3d_agree_ct_only,5,117,Random Forest,118,32,target_plus_cohort,0.75,0.875,0.5,0.6363636363636364,0.9166666666666666,0.8910643763087371,,,
scenario5_h3d_agree_ct_only,5,117,Gradient Boosting,118,32,target_plus_cohort,0.8125,0.9,0.6428571428571429,0.75,0.8571428571428572,0.8741627420198849,,,
scenario5_h3d_agree_ct_only,5,117,SVM (RBF),118,32,target_plus_cohort,0.625,0.625,0.35714285714285715,0.45454545454545453,0.7777777777777778,0.7185360472860473,,,
scenario5_h3d_agree_ct_only,5,118,Logistic Regression,121,29,target_plus_cohort,0.6551724137931034,0.6666666666666666,0.46153846153846156,0.5454545454545454,0.7451923076923077,0.6476225697379544,,,
scenario5_h3d_agree_ct_only,5,118,Random Forest,121,29,target_plus_cohort,0.6206896551724138,0.625,0.38461538461538464,0.47619047619047616,0.6923076923076923,0.7148651735520244,,,
scenario5_h3d_agree_ct_only,5,118,Gradient Boosting,121,29,target_plus_cohort,0.6551724137931034,0.6666666666666666,0.46153846153846156,0.5454545454545454,0.6923076923076923,0.6856752559181709,,,
scenario5_h3d_agree_ct_only,5,118,SVM (RBF),121,29,target_plus_cohort,0.5862068965517241,0.5555555555555556,0.38461538461538464,0.45454545454545453,0.7307692307692307,0.6250747367263204,,,
scenario5_h3d_agree_ct_only,5,119,Logistic Regression,119,31,target_plus_cohort,0.7419354838709677,0.6923076923076923,0.6923076923076923,0.6923076923076923,0.8675213675213677,0.8734009580163424,,,
scenario5_h3d_agree_ct_only,5,119,Random Forest,119,31,target_plus_cohort,0.8064516129032258,0.8181818181818182,0.6923076923076923,0.75,0.8717948717948718,0.847242970704509,,,
scenario5_h3d_agree_ct_only,5,119,Gradient Boosting,119,31,target_plus_cohort,0.8064516129032258,0.8888888888888888,0.6153846153846154,0.7272727272727273,0.905982905982906,0.8832382979144111,,,
scenario5_h3d_agree_ct_only,5,119,SVM (RBF),119,31,target_plus_cohort,0.6451612903225806,0.6,0.46153846153846156,0.5217391304347826,0.8333333333333334,0.7897166093016295,,,
scenario5_h3d_agree_ct_only,5,120,Logistic Regression,119,31,target_plus_cohort,0.7096774193548387,0.6666666666666666,0.6153846153846154,0.64,0.7264957264957266,0.6273765045508728,,,
scenario5_h3d_agree_ct_only,5,120,Random Forest,119,31,target_plus_cohort,0.7096774193548387,0.7,0.5384615384615384,0.6086956521739131,0.7606837606837606,0.7872040352809582,,,
scenario5_h3d_agree_ct_only,5,120,Gradient Boosting,119,31,target_plus_cohort,0.7741935483870968,0.7142857142857143,0.7692307692307693,0.7407407407407407,0.7735042735042736,0.8065272520122018,,,
scenario5_h3d_agree_ct_only,5,120,SVM (RBF),119,31,target_plus_cohort,0.7096774193548387,0.75,0.46153846153846156,0.5714285714285714,0.6666666666666667,0.5925438381217407,,,
scenario5_h3d_agree_ct_only,5,121,Logistic Regression,119,31,target_plus_cohort,0.7741935483870968,0.8,0.6153846153846154,0.6956521739130435,0.8504273504273505,0.8615733123086062,,,
scenario5_h3d_agree_ct_only,5,121,Random Forest,119,31,target_plus_cohort,0.6774193548387096,0.6153846153846154,0.6153846153846154,0.6153846153846154,0.7905982905982906,0.8060678451982799,,,
scenario5_h3d_agree_ct_only,5,121,Gradient Boosting,119,31,target_plus_cohort,0.5806451612903226,0.5,0.6153846153846154,0.5517241379310345,0.6581196581196581,0.6432757222448349,,,
scenario5_h3d_agree_ct_only,5,121,SVM (RBF),119,31,target_plus_cohort,0.6774193548387096,0.6153846153846154,0.6153846153846154,0.6153846153846154,0.7393162393162394,0.7402174237287045,,,
scenario5_h3d_agree_ct_only,5,122,Logistic Regression,122,28,target_plus_cohort,0.7857142857142857,0.7272727272727273,0.7272727272727273,0.7272727272727273,0.8877005347593583,0.8262888626524991,,,
scenario5_h3d_agree_ct_only,5,122,Random Forest,122,28,target_plus_cohort,0.75,0.8333333333333334,0.45454545454545453,0.5882352941176471,0.9037433155080213,0.8607004107004108,,,
scenario5_h3d_agree_ct_only,5,122,Gradient Boosting,122,28,target_plus_cohort,0.8571428571428571,0.8181818181818182,0.8181818181818182,0.8181818181818182,0.9411764705882353,0.9128968253968255,,,
scenario5_h3d_agree_ct_only,5,122,SVM (RBF),122,28,target_plus_cohort,0.7142857142857143,0.7142857142857143,0.45454545454545453,0.5555555555555556,0.893048128342246,0.8128134491770855,,,
scenario5_h3d_agree_ct_only,5,123,Logistic Regression,119,31,target_plus_cohort,0.8064516129032258,0.8,0.6666666666666666,0.7272727272727273,0.8640350877192983,0.8692129629629631,,,
scenario5_h3d_agree_ct_only,5,123,Random Forest,119,31,target_plus_cohort,0.8387096774193549,0.8888888888888888,0.6666666666666666,0.7619047619047619,0.8508771929824561,0.8704255195634506,,,
scenario5_h3d_agree_ct_only,5,123,Gradient Boosting,119,31,target_plus_cohort,0.6774193548387096,0.6,0.5,0.5454545454545454,0.7763157894736842,0.7331549169784465,,,
scenario5_h3d_agree_ct_only,5,123,SVM (RBF),119,31,target_plus_cohort,0.7741935483870968,0.8571428571428571,0.5,0.631578947368421,0.8201754385964912,0.8098891325536063,,,
scenario5_h3d_agree_ct_only,5,124,Logistic Regression,120,30,target_plus_cohort,0.6666666666666666,0.6666666666666666,0.3333333333333333,0.4444444444444444,0.8611111111111112,0.8026848151848153,,,
scenario5_h3d_agree_ct_only,5,124,Random Forest,120,30,target_plus_cohort,0.7666666666666667,0.8571428571428571,0.5,0.631578947368421,0.875,0.8384529822029824,,,
scenario5_h3d_agree_ct_only,5,124,Gradient Boosting,120,30,target_plus_cohort,0.7,0.8,0.3333333333333333,0.47058823529411764,0.8009259259259259,0.7680191268426564,,,
scenario5_h3d_agree_ct_only,5,124,SVM (RBF),120,30,target_plus_cohort,0.7,0.8,0.3333333333333333,0.47058823529411764,0.7407407407407407,0.7252679623961089,,,
scenario5_h3d_agree_ct_only,5,125,Logistic Regression,121,29,target_plus_cohort,0.896551724137931,0.9,0.8181818181818182,0.8571428571428571,0.9141414141414141,0.9204545454545456,,,
scenario5_h3d_agree_ct_only,5,125,Random Forest,121,29,target_plus_cohort,0.8620689655172413,0.8888888888888888,0.7272727272727273,0.8,0.9292929292929293,0.9173094582185493,,,
scenario5_h3d_agree_ct_only,5,125,Gradient Boosting,121,29,target_plus_cohort,0.8620689655172413,0.8888888888888888,0.7272727272727273,0.8,0.8383838383838383,0.8601255501725722,,,
scenario5_h3d_agree_ct_only,5,125,SVM (RBF),121,29,target_plus_cohort,0.9310344827586207,1.0,0.8181818181818182,0.9,0.898989898989899,0.9121651295564339,,,
scenario5_h3d_agree_ct_only,5,126,Logistic Regression,119,31,target_plus_cohort,0.8064516129032258,0.875,0.5833333333333334,0.7,0.9078947368421053,0.8922156346069391,,,
scenario5_h3d_agree_ct_only,5,126,Random Forest,119,31,target_plus_cohort,0.7741935483870968,0.8571428571428571,0.5,0.631578947368421,0.8640350877192982,0.852756734006734,,,
scenario5_h3d_agree_ct_only,5,126,Gradient Boosting,119,31,target_plus_cohort,0.7419354838709677,0.6666666666666666,0.6666666666666666,0.6666666666666666,0.8070175438596492,0.786981721981722,,,
scenario5_h3d_agree_ct_only,5,126,SVM (RBF),119,31,target_plus_cohort,0.8064516129032258,1.0,0.5,0.6666666666666666,0.8114035087719298,0.8163794903926483,,,
scenario5_h3d_agree_ct_only,5,127,Logistic Regression,121,29,target_plus_cohort,0.7241379310344828,0.75,0.5,0.6,0.7058823529411764,0.7528824145203457,,,
scenario5_h3d_agree_ct_only,5,127,Random Forest,121,29,target_plus_cohort,0.8275862068965517,1.0,0.5833333333333334,0.7368421052631579,0.7794117647058824,0.8129759494891075,,,
scenario5_h3d_agree_ct_only,5,127,Gradient Boosting,121,29,target_plus_cohort,0.7586206896551724,0.8571428571428571,0.5,0.631578947368421,0.7892156862745098,0.8086270103384708,,,
scenario5_h3d_agree_ct_only,5,127,SVM (RBF),121,29,target_plus_cohort,0.7586206896551724,0.8571428571428571,0.5,0.631578947368421,0.7549019607843137,0.7725817597099063,,,
scenario5_h3d_agree_ct_only,5,128,Logistic Regression,117,33,target_plus_cohort,0.7272727272727273,0.8571428571428571,0.42857142857142855,0.5714285714285714,0.868421052631579,0.864892316229328,,,
scenario5_h3d_agree_ct_only,5,128,Random Forest,117,33,target_plus_cohort,0.7575757575757576,1.0,0.42857142857142855,0.6,0.9210526315789473,0.9217076782866256,,,
scenario5_h3d_agree_ct_only,5,128,Gradient Boosting,117,33,target_plus_cohort,0.7575757575757576,1.0,0.42857142857142855,0.6,0.849624060150376,0.8589855706235017,,,
scenario5_h3d_agree_ct_only,5,128,SVM (RBF),117,33,target_plus_cohort,0.6363636363636364,0.6666666666666666,0.2857142857142857,0.4,0.8233082706766918,0.7623695943023674,,,
scenario5_h3d_agree_ct_only,5,129,Logistic Regression,119,31,target_plus_cohort,0.6129032258064516,0.5625,0.6428571428571429,0.6,0.7100840336134454,0.715411020093923,,,
scenario5_h3d_agree_ct_only,5,129,Random Forest,119,31,target_plus_cohort,0.6451612903225806,0.5882352941176471,0.7142857142857143,0.6451612903225806,0.7478991596638656,0.7506207455293532,,,
scenario5_h3d_agree_ct_only,5,129,Gradient Boosting,119,31,target_plus_cohort,0.6774193548387096,0.6666666666666666,0.5714285714285714,0.6153846153846154,0.773109243697479,0.7693723948909706,,,
scenario5_h3d_agree_ct_only,5,129,SVM (RBF),119,31,target_plus_cohort,0.5806451612903226,0.5384615384615384,0.5,0.5185185185185185,0.6932773109243697,0.6800205171254677,,,
scenario7_unanimous_ct_only,7,100,Logistic Regression,70,17,target_plus_cohort,0.7647058823529411,0.6666666666666666,0.8571428571428571,0.75,0.8142857142857143,0.8273809523809523,,,
scenario7_unanimous_ct_only,7,100,Random Forest,70,17,target_plus_cohort,0.8235294117647058,0.8333333333333334,0.7142857142857143,0.7692307692307693,0.8142857142857142,0.8431772709083634,,,
scenario7_unanimous_ct_only,7,100,Gradient Boosting,70,17,target_plus_cohort,0.7058823529411765,0.75,0.42857142857142855,0.5454545454545454,0.8857142857142857,0.8676870748299319,,,
scenario7_unanimous_ct_only,7,100,SVM (RBF),70,17,target_plus_cohort,0.7058823529411765,0.6666666666666666,0.5714285714285714,0.6153846153846154,0.7142857142857143,0.7100140056022408,,,
scenario7_unanimous_ct_only,7,101,Logistic Regression,71,16,target_plus_cohort,0.75,0.8,0.5714285714285714,0.6666666666666666,0.8095238095238095,0.8139455782312925,,,
scenario7_unanimous_ct_only,7,101,Random Forest,71,16,target_plus_cohort,0.8125,1.0,0.5714285714285714,0.7272727272727273,0.888888888888889,0.8806122448979592,,,
scenario7_unanimous_ct_only,7,101,Gradient Boosting,71,16,target_plus_cohort,0.8125,1.0,0.5714285714285714,0.7272727272727273,0.6984126984126984,0.7832792207792207,,,
scenario7_unanimous_ct_only,7,101,SVM (RBF),71,16,target_plus_cohort,0.8125,1.0,0.5714285714285714,0.7272727272727273,0.8888888888888888,0.8885281385281385,,,
scenario7_unanimous_ct_only,7,102,Logistic Regression,68,19,target_plus_cohort,0.7368421052631579,0.6153846153846154,1.0,0.7619047619047619,0.8522727272727272,0.8060897435897436,,,
scenario7_unanimous_ct_only,7,102,Random Forest,68,19,target_plus_cohort,0.7368421052631579,0.6666666666666666,0.75,0.7058823529411765,0.875,0.8712121212121212,,,
scenario7_unanimous_ct_only,7,102,Gradient Boosting,68,19,target_plus_cohort,0.6842105263157895,0.625,0.625,0.625,0.8181818181818181,0.8095935314685314,,,
scenario7_unanimous_ct_only,7,102,SVM (RBF),68,19,target_plus_cohort,0.6842105263157895,0.625,0.625,0.625,0.8068181818181818,0.7971882284382285,,,
scenario7_unanimous_ct_only,7,103,Logistic Regression,70,17,target_plus_cohort,0.7647058823529411,1.0,0.5,0.6666666666666666,0.7777777777777778,0.8387362637362636,,,
scenario7_unanimous_ct_only,7,103,Random Forest,70,17,target_plus_cohort,0.7058823529411765,1.0,0.375,0.5454545454545454,0.9305555555555556,0.9381313131313131,,,
scenario7_unanimous_ct_only,7,103,Gradient Boosting,70,17,target_plus_cohort,0.7058823529411765,1.0,0.375,0.5454545454545454,0.6805555555555556,0.7466006216006216,,,
scenario7_unanimous_ct_only,7,103,SVM (RBF),70,17,target_plus_cohort,0.6470588235294118,0.75,0.375,0.5,0.7916666666666667,0.804087579087579,,,
scenario7_unanimous_ct_only,7,104,Logistic Regression,67,20,target_plus_cohort,1.0,1.0,1.0,1.0,1.0,1.0,,,
scenario7_unanimous_ct_only,7,104,Random Forest,67,20,target_plus_cohort,0.85,0.8571428571428571,0.75,0.8,0.96875,0.959375,,,
scenario7_unanimous_ct_only,7,104,Gradient Boosting,67,20,target_plus_cohort,0.8,0.7,0.875,0.7777777777777778,0.8958333333333333,0.8413576007326007,,,
scenario7_unanimous_ct_only,7,104,SVM (RBF),67,20,target_plus_cohort,0.85,1.0,0.625,0.7692307692307693,1.0,1.0,,,
scenario7_unanimous_ct_only,7,105,Logistic Regression,69,18,target_plus_cohort,0.6666666666666666,0.5714285714285714,0.5714285714285714,0.5714285714285714,0.6493506493506493,0.5451548451548451,,,
scenario7_unanimous_ct_only,7,105,Random Forest,69,18,target_plus_cohort,0.6111111111111112,0.5,0.2857142857142857,0.36363636363636365,0.6623376623376623,0.6628528334410686,,,
scenario7_unanimous_ct_only,7,105,Gradient Boosting,69,18,target_plus_cohort,0.6666666666666666,0.5714285714285714,0.5714285714285714,0.5714285714285714,0.5324675324675324,0.48522742430305454,,,
scenario7_unanimous_ct_only,7,105,SVM (RBF),69,18,target_plus_cohort,0.6111111111111112,0.5,0.2857142857142857,0.36363636363636365,0.6103896103896104,0.6237585943468297,,,
scenario7_unanimous_ct_only,7,106,Logistic Regression,69,18,target_plus_cohort,0.8333333333333334,0.8333333333333334,0.7142857142857143,0.7692307692307693,0.8701298701298701,0.8404761904761904,,,
scenario7_unanimous_ct_only,7,106,Random Forest,69,18,target_plus_cohort,0.7222222222222222,0.75,0.42857142857142855,0.5454545454545454,0.8831168831168831,0.8523809523809522,,,
scenario7_unanimous_ct_only,7,106,Gradient Boosting,69,18,target_plus_cohort,0.7222222222222222,0.75,0.42857142857142855,0.5454545454545454,0.7922077922077921,0.7898809523809522,,,
scenario7_unanimous_ct_only,7,106,SVM (RBF),69,18,target_plus_cohort,0.7222222222222222,0.75,0.42857142857142855,0.5454545454545454,0.7792207792207793,0.7635531135531135,,,
scenario7_unanimous_ct_only,7,107,Logistic Regression,69,18,target_plus_cohort,0.8333333333333334,1.0,0.625,0.7692307692307693,1.0,1.0,,,
scenario7_unanimous_ct_only,7,107,Random Forest,69,18,target_plus_cohort,0.6666666666666666,1.0,0.25,0.4,0.9625,0.9526289682539683,,,
scenario7_unanimous_ct_only,7,107,Gradient Boosting,69,18,target_plus_cohort,0.6666666666666666,1.0,0.25,0.4,0.925,0.875545634920635,,,
scenario7_unanimous_ct_only,7,107,SVM (RBF),69,18,target_plus_cohort,0.7222222222222222,0.8,0.5,0.6153846153846154,0.9500000000000001,0.9317956349206349,,,
scenario7_unanimous_ct_only,7,108,Logistic Regression,69,18,target_plus_cohort,0.8888888888888888,0.8,1.0,0.8888888888888888,0.9875,0.9861111111111112,,,
scenario7_unanimous_ct_only,7,108,Random Forest,69,18,target_plus_cohort,0.8333333333333334,0.7777777777777778,0.875,0.8235294117647058,0.85,0.7982503607503608,,,
scenario7_unanimous_ct_only,7,108,Gradient Boosting,69,18,target_plus_cohort,0.7777777777777778,0.75,0.75,0.75,0.8374999999999999,0.8293851981351981,,,
scenario7_unanimous_ct_only,7,108,SVM (RBF),69,18,target_plus_cohort,0.7777777777777778,0.75,0.75,0.75,0.85,0.8288690476190477,,,
scenario7_unanimous_ct_only,7,109,Logistic Regression,68,19,target_plus_cohort,0.6842105263157895,0.6,0.42857142857142855,0.5,0.6190476190476191,0.51703067191789,,,
scenario7_unanimous_ct_only,7,109,Random Forest,68,19,target_plus_cohort,0.631578947368421,0.5,0.42857142857142855,0.46153846153846156,0.7857142857142857,0.7036023500309214,,,
scenario7_unanimous_ct_only,7,109,Gradient Boosting,68,19,target_plus_cohort,0.5263157894736842,0.3333333333333333,0.2857142857142857,0.3076923076923077,0.5238095238095238,0.3987767036639217,,,
scenario7_unanimous_ct_only,7,109,SVM (RBF),68,19,target_plus_cohort,0.631578947368421,0.5,0.42857142857142855,0.46153846153846156,0.6547619047619048,0.5195905285190999,,,
scenario7_unanimous_ct_only,7,110,Logistic Regression,69,18,target_plus_cohort,0.7222222222222222,0.5833333333333334,1.0,0.7368421052631579,0.805194805194805,0.7555555555555555,,,
scenario7_unanimous_ct_only,7,110,Random Forest,69,18,target_plus_cohort,0.8333333333333334,0.75,0.8571428571428571,0.8,0.935064935064935,0.9087301587301586,,,
scenario7_unanimous_ct_only,7,110,Gradient Boosting,69,18,target_plus_cohort,0.7777777777777778,0.7142857142857143,0.7142857142857143,0.7142857142857143,0.8571428571428571,0.7393424036281178,,,
scenario7_unanimous_ct_only,7,110,SVM (RBF),69,18,target_plus_cohort,0.7222222222222222,0.625,0.7142857142857143,0.6666666666666666,0.8441558441558441,0.8231601731601732,,,
scenario7_unanimous_ct_only,7,111,Logistic Regression,71,16,target_plus_cohort,0.6875,0.6,0.5,0.5454545454545454,0.6666666666666667,0.7130341880341879,,,
scenario7_unanimous_ct_only,7,111,Random Forest,71,16,target_plus_cohort,0.75,0.75,0.5,0.6,0.7333333333333334,0.7424242424242424,,,
scenario7_unanimous_ct_only,7,111,Gradient Boosting,71,16,target_plus_cohort,0.75,0.75,0.5,0.6,0.7333333333333334,0.7244047619047619,,,
scenario7_unanimous_ct_only,7,111,SVM (RBF),71,16,target_plus_cohort,0.625,0.5,0.5,0.5,0.6666666666666667,0.7130341880341879,,,
scenario7_unanimous_ct_only,7,112,Logistic Regression,70,17,target_plus_cohort,0.8823529411764706,1.0,0.75,0.8571428571428571,0.9722222222222222,0.975,,,
scenario7_unanimous_ct_only,7,112,Random Forest,70,17,target_plus_cohort,0.7647058823529411,0.8333333333333334,0.625,0.7142857142857143,0.9444444444444444,0.9415178571428571,,,
scenario7_unanimous_ct_only,7,112,Gradient Boosting,70,17,target_plus_cohort,0.6470588235294118,0.6666666666666666,0.5,0.5714285714285714,0.7222222222222223,0.7693213649096002,,,
scenario7_unanimous_ct_only,7,112,SVM (RBF),70,17,target_plus_cohort,0.8235294117647058,1.0,0.625,0.7692307692307693,0.9444444444444444,0.9583333333333333,,,
scenario7_unanimous_ct_only,7,113,Logistic Regression,69,18,target_plus_cohort,0.6666666666666666,0.6666666666666666,0.2857142857142857,0.4,0.6753246753246753,0.6418581418581418,,,
scenario7_unanimous_ct_only,7,113,Random Forest,69,18,target_plus_cohort,0.6666666666666666,0.6666666666666666,0.2857142857142857,0.4,0.7142857142857143,0.6971415489272632,,,
scenario7_unanimous_ct_only,7,113,Gradient Boosting,69,18,target_plus_cohort,0.6666666666666666,0.6666666666666666,0.2857142857142857,0.4,0.6623376623376623,0.5723443223443223,,,
scenario7_unanimous_ct_only,7,113,SVM (RBF),69,18,target_plus_cohort,0.6666666666666666,1.0,0.14285714285714285,0.25,0.6623376623376623,0.6084724799010512,,,
scenario7_unanimous_ct_only,7,114,Logistic Regression,70,17,target_plus_cohort,1.0,1.0,1.0,1.0,1.0,1.0,,,
scenario7_unanimous_ct_only,7,114,Random Forest,70,17,target_plus_cohort,0.7647058823529411,0.8,0.5714285714285714,0.6666666666666666,0.9571428571428572,0.9379251700680271,,,
scenario7_unanimous_ct_only,7,114,Gradient Boosting,70,17,target_plus_cohort,0.7058823529411765,1.0,0.2857142857142857,0.4444444444444444,0.942857142857143,0.9325396825396826,,,
scenario7_unanimous_ct_only,7,114,SVM (RBF),70,17,target_plus_cohort,0.8823529411764706,0.8571428571428571,0.8571428571428571,0.8571428571428571,0.9571428571428572,0.9379251700680271,,,
scenario7_unanimous_ct_only,7,115,Logistic Regression,69,18,target_plus_cohort,0.6666666666666666,0.5454545454545454,0.8571428571428571,0.6666666666666666,0.8831168831168832,0.8745421245421245,,,
scenario7_unanimous_ct_only,7,115,Random Forest,69,18,target_plus_cohort,0.7222222222222222,0.625,0.7142857142857143,0.6666666666666666,0.8051948051948051,0.8482142857142856,,,
scenario7_unanimous_ct_only,7,115,Gradient Boosting,69,18,target_plus_cohort,0.6666666666666666,0.5555555555555556,0.7142857142857143,0.625,0.8181818181818181,0.8523809523809522,,,
scenario7_unanimous_ct_only,7,115,SVM (RBF),69,18,target_plus_cohort,0.7222222222222222,0.625,0.7142857142857143,0.6666666666666666,0.8181818181818182,0.8350649350649351,,,
scenario7_unanimous_ct_only,7,116,Logistic Regression,69,18,target_plus_cohort,0.7777777777777778,0.75,0.75,0.75,0.9125000000000001,0.883531746031746,,,
scenario7_unanimous_ct_only,7,116,Random Forest,69,18,target_plus_cohort,0.7222222222222222,0.8,0.5,0.6153846153846154,0.9,0.852281746031746,,,
scenario7_unanimous_ct_only,7,116,Gradient Boosting,69,18,target_plus_cohort,0.7222222222222222,0.8,0.5,0.6153846153846154,0.825,0.8169642857142858,,,
scenario7_unanimous_ct_only,7,116,SVM (RBF),69,18,target_plus_cohort,0.7222222222222222,0.8,0.5,0.6153846153846154,0.925,0.9085317460317461,,,
scenario7_unanimous_ct_only,7,117,Logistic Regression,69,18,target_plus_cohort,0.9444444444444444,1.0,0.875,0.9333333333333333,0.9875,0.9861111111111112,,,
scenario7_unanimous_ct_only,7,117,Random Forest,69,18,target_plus_cohort,0.7222222222222222,0.8,0.5,0.6153846153846154,0.9125000000000001,0.8951388888888889,,,
scenario7_unanimous_ct_only,7,117,Gradient Boosting,69,18,target_plus_cohort,0.6666666666666666,0.75,0.375,0.5,0.825,0.8120421245421245,,,
scenario7_unanimous_ct_only,7,117,SVM (RBF),69,18,target_plus_cohort,0.7222222222222222,0.8,0.5,0.6153846153846154,0.8500000000000001,0.8073412698412699,,,
scenario7_unanimous_ct_only,7,118,Logistic Regression,69,18,target_plus_cohort,0.6666666666666666,0.5454545454545454,0.8571428571428571,0.6666666666666666,0.8441558441558441,0.7932496075353217,,,
scenario7_unanimous_ct_only,7,118,Random Forest,69,18,target_plus_cohort,0.7777777777777778,0.7142857142857143,0.7142857142857143,0.7142857142857143,0.8181818181818182,0.8547077922077921,,,
scenario7_unanimous_ct_only,7,118,Gradient Boosting,69,18,target_plus_cohort,0.7777777777777778,0.7142857142857143,0.7142857142857143,0.7142857142857143,0.8051948051948052,0.827531012404962,,,
scenario7_unanimous_ct_only,7,118,SVM (RBF),69,18,target_plus_cohort,0.7222222222222222,0.625,0.7142857142857143,0.6666666666666666,0.8181818181818181,0.7654761904761904,,,
scenario7_unanimous_ct_only,7,119,Logistic Regression,68,19,target_plus_cohort,0.8421052631578947,0.7272727272727273,1.0,0.8421052631578947,0.9772727272727272,0.975,,,
scenario7_unanimous_ct_only,7,119,Random Forest,68,19,target_plus_cohort,0.7368421052631579,0.7142857142857143,0.625,0.6666666666666666,0.9204545454545454,0.8951388888888889,,,
scenario7_unanimous_ct_only,7,119,Gradient Boosting,68,19,target_plus_cohort,0.6842105263157895,0.625,0.625,0.625,0.8295454545454546,0.6979166666666667,,,
scenario7_unanimous_ct_only,7,119,SVM (RBF),68,19,target_plus_cohort,0.7368421052631579,0.7142857142857143,0.625,0.6666666666666666,0.8977272727272727,0.8867424242424242,,,
scenario7_unanimous_ct_only,7,120,Logistic Regression,68,19,target_plus_cohort,0.631578947368421,0.5,0.8571428571428571,0.631578947368421,0.8452380952380952,0.8044217687074828,,,
scenario7_unanimous_ct_only,7,120,Random Forest,68,19,target_plus_cohort,0.6842105263157895,0.5555555555555556,0.7142857142857143,0.625,0.7976190476190477,0.7235526378383521,,,
scenario7_unanimous_ct_only,7,120,Gradient Boosting,68,19,target_plus_cohort,0.6842105263157895,0.5555555555555556,0.7142857142857143,0.625,0.7738095238095238,0.7597789115646258,,,
scenario7_unanimous_ct_only,7,120,SVM (RBF),68,19,target_plus_cohort,0.631578947368421,0.5,0.7142857142857143,0.5882352941176471,0.7857142857142857,0.7257326007326006,,,
scenario7_unanimous_ct_only,7,121,Logistic Regression,69,18,target_plus_cohort,0.8333333333333334,0.7,1.0,0.8235294117647058,0.8961038961038961,0.7407029478458049,,,
scenario7_unanimous_ct_only,7,121,Random Forest,69,18,target_plus_cohort,0.7222222222222222,0.625,0.7142857142857143,0.6666666666666666,0.8961038961038961,0.8687074829931971,,,
scenario7_unanimous_ct_only,7,121,Gradient Boosting,69,18,target_plus_cohort,0.7222222222222222,0.5833333333333334,1.0,0.7368421052631579,0.8701298701298701,0.8595238095238094,,,
scenario7_unanimous_ct_only,7,121,SVM (RBF),69,18,target_plus_cohort,0.8888888888888888,0.8571428571428571,0.8571428571428571,0.8571428571428571,0.9610389610389609,0.947845804988662,,,
scenario7_unanimous_ct_only,7,122,Logistic Regression,68,19,target_plus_cohort,0.7894736842105263,0.6666666666666666,0.8571428571428571,0.75,0.8452380952380952,0.81156462585034,,,
scenario7_unanimous_ct_only,7,122,Random Forest,68,19,target_plus_cohort,0.7894736842105263,1.0,0.42857142857142855,0.6,0.8452380952380951,0.8431772709083631,,,
scenario7_unanimous_ct_only,7,122,Gradient Boosting,68,19,target_plus_cohort,0.7894736842105263,1.0,0.42857142857142855,0.6,0.8214285714285714,0.7797619047619047,,,
scenario7_unanimous_ct_only,7,122,SVM (RBF),68,19,target_plus_cohort,0.7368421052631579,0.6666666666666666,0.5714285714285714,0.6153846153846154,0.7619047619047619,0.7609649122807016,,,
scenario7_unanimous_ct_only,7,123,Logistic Regression,71,16,target_plus_cohort,0.625,0.5714285714285714,0.5714285714285714,0.5714285714285714,0.7142857142857143,0.7576839826839827,,,
scenario7_unanimous_ct_only,7,123,Random Forest,71,16,target_plus_cohort,0.625,0.6,0.42857142857142855,0.5,0.7460317460317459,0.7597789115646258,,,
scenario7_unanimous_ct_only,7,123,Gradient Boosting,71,16,target_plus_cohort,0.6875,0.6666666666666666,0.5714285714285714,0.6153846153846154,0.6825396825396826,0.5687074829931973,,,
scenario7_unanimous_ct_only,7,123,SVM (RBF),71,16,target_plus_cohort,0.625,0.6,0.42857142857142855,0.5,0.7142857142857143,0.7662724180581324,,,
scenario7_unanimous_ct_only,7,124,Logistic Regression,70,17,target_plus_cohort,0.5882352941176471,0.5,0.5714285714285714,0.5333333333333333,0.6857142857142857,0.6958874458874458,,,
scenario7_unanimous_ct_only,7,124,Random Forest,70,17,target_plus_cohort,0.6470588235294118,0.5714285714285714,0.5714285714285714,0.5714285714285714,0.6857142857142857,0.6286564625850339,,,
scenario7_unanimous_ct_only,7,124,Gradient Boosting,70,17,target_plus_cohort,0.5882352941176471,0.5,0.42857142857142855,0.46153846153846156,0.5857142857142857,0.49164665866346546,,,
scenario7_unanimous_ct_only,7,124,SVM (RBF),70,17,target_plus_cohort,0.5882352941176471,0.5,0.42857142857142855,0.46153846153846156,0.6,0.5744588744588744,,,
scenario7_unanimous_ct_only,7,125,Logistic Regression,68,19,target_plus_cohort,0.8947368421052632,1.0,0.7142857142857143,0.8333333333333334,0.9285714285714286,0.9200680272108843,,,
scenario7_unanimous_ct_only,7,125,Random Forest,68,19,target_plus_cohort,0.7894736842105263,0.8,0.5714285714285714,0.6666666666666666,0.9166666666666666,0.7545918367346939,,,
scenario7_unanimous_ct_only,7,125,Gradient Boosting,68,19,target_plus_cohort,0.8421052631578947,0.8333333333333334,0.7142857142857143,0.7692307692307693,0.8214285714285715,0.7785714285714285,,,
scenario7_unanimous_ct_only,7,125,SVM (RBF),68,19,target_plus_cohort,0.6842105263157895,0.6666666666666666,0.2857142857142857,0.4,0.8809523809523809,0.7843537414965986,,,
scenario7_unanimous_ct_only,7,126,Logistic Regression,69,18,target_plus_cohort,0.6666666666666666,0.5555555555555556,0.7142857142857143,0.625,0.8051948051948052,0.7757326007326006,,,
scenario7_unanimous_ct_only,7,126,Random Forest,69,18,target_plus_cohort,0.6666666666666666,0.5714285714285714,0.5714285714285714,0.5714285714285714,0.7922077922077921,0.6869047619047619,,,
scenario7_unanimous_ct_only,7,126,Gradient Boosting,69,18,target_plus_cohort,0.6666666666666666,0.5714285714285714,0.5714285714285714,0.5714285714285714,0.6623376623376623,0.5038548752834466,,,
scenario7_unanimous_ct_only,7,126,SVM (RBF),69,18,target_plus_cohort,0.6111111111111112,0.5,0.5714285714285714,0.5333333333333333,0.7922077922077921,0.7365079365079366,,,
scenario7_unanimous_ct_only,7,127,Logistic Regression,69,18,target_plus_cohort,0.8333333333333334,0.75,0.8571428571428571,0.8,0.8831168831168831,0.8928571428571428,,,
scenario7_unanimous_ct_only,7,127,Random Forest,69,18,target_plus_cohort,0.7777777777777778,0.8,0.5714285714285714,0.6666666666666666,0.8441558441558442,0.8601190476190474,,,
scenario7_unanimous_ct_only,7,127,Gradient Boosting,69,18,target_plus_cohort,0.7777777777777778,0.8,0.5714285714285714,0.6666666666666666,0.8701298701298701,0.8690476190476191,,,
scenario7_unanimous_ct_only,7,127,SVM (RBF),69,18,target_plus_cohort,0.8333333333333334,1.0,0.5714285714285714,0.7272727272727273,0.8961038961038961,0.8983516483516483,,,
scenario7_unanimous_ct_only,7,128,Logistic Regression,70,17,target_plus_cohort,0.7058823529411765,1.0,0.2857142857142857,0.4444444444444444,0.8571428571428571,0.804421768707483,,,
scenario7_unanimous_ct_only,7,128,Random Forest,70,17,target_plus_cohort,0.5882352941176471,0.5,0.14285714285714285,0.2222222222222222,0.6428571428571428,0.623015873015873,,,
scenario7_unanimous_ct_only,7,128,Gradient Boosting,70,17,target_plus_cohort,0.5882352941176471,0.5,0.14285714285714285,0.2222222222222222,0.36428571428571427,0.45781620340443874,,,
scenario7_unanimous_ct_only,7,128,SVM (RBF),70,17,target_plus_cohort,0.5294117647058824,0.3333333333333333,0.14285714285714285,0.2,0.7285714285714285,0.6591836734693877,,,
scenario7_unanimous_ct_only,7,129,Logistic Regression,68,19,target_plus_cohort,0.7368421052631579,0.6363636363636364,0.875,0.7368421052631579,0.8409090909090908,0.7852678571428572,,,
scenario7_unanimous_ct_only,7,129,Random Forest,68,19,target_plus_cohort,0.7368421052631579,0.6666666666666666,0.75,0.7058823529411765,0.8295454545454546,0.7622023809523809,,,
scenario7_unanimous_ct_only,7,129,Gradient Boosting,68,19,target_plus_cohort,0.7894736842105263,0.75,0.75,0.75,0.8977272727272727,0.8784722222222222,,,
scenario7_unanimous_ct_only,7,129,SVM (RBF),68,19,target_plus_cohort,0.7368421052631579,0.6666666666666666,0.75,0.7058823529411765,0.8181818181818181,0.8504901960784315,,,
scenario9_unanimous_ct_plus_demo,9,100,Logistic Regression,70,17,target_plus_cohort,0.9411764705882353,1.0,0.8571428571428571,0.9230769230769231,0.9714285714285715,0.9682539682539681,,,
scenario9_unanimous_ct_plus_demo,9,100,Random Forest,70,17,target_plus_cohort,0.8823529411764706,0.8571428571428571,0.8571428571428571,0.8571428571428571,0.9,0.8962585034013604,,,
scenario9_unanimous_ct_plus_demo,9,100,Gradient Boosting,70,17,target_plus_cohort,0.8823529411764706,1.0,0.7142857142857143,0.8333333333333334,0.8857142857142857,0.9081632653061225,,,
scenario9_unanimous_ct_plus_demo,9,100,SVM (RBF),70,17,target_plus_cohort,0.7647058823529411,0.6666666666666666,0.8571428571428571,0.75,0.7428571428571429,0.7351190476190477,,,
scenario9_unanimous_ct_plus_demo,9,101,Logistic Regression,71,16,target_plus_cohort,0.875,0.8571428571428571,0.8571428571428571,0.8571428571428571,0.9682539682539681,0.9617346938775511,,,
scenario9_unanimous_ct_plus_demo,9,101,Random Forest,71,16,target_plus_cohort,0.75,0.8,0.5714285714285714,0.6666666666666666,0.9523809523809523,0.9379251700680272,,,
scenario9_unanimous_ct_plus_demo,9,101,Gradient Boosting,71,16,target_plus_cohort,0.875,0.7777777777777778,1.0,0.875,0.9206349206349207,0.8761904761904762,,,
scenario9_unanimous_ct_plus_demo,9,101,SVM (RBF),71,16,target_plus_cohort,0.8125,0.8333333333333334,0.7142857142857143,0.7692307692307693,0.9682539682539681,0.9617346938775511,,,
scenario9_unanimous_ct_plus_demo,9,102,Logistic Regression,68,19,target_plus_cohort,0.7894736842105263,0.6666666666666666,1.0,0.8,1.0,1.0,,,
scenario9_unanimous_ct_plus_demo,9,102,Random Forest,68,19,target_plus_cohort,0.8421052631578947,0.7777777777777778,0.875,0.8235294117647058,0.9545454545454545,0.9472222222222222,,,
scenario9_unanimous_ct_plus_demo,9,102,Gradient Boosting,68,19,target_plus_cohort,0.8421052631578947,0.7272727272727273,1.0,0.8421052631578947,1.0,1.0,,,
scenario9_unanimous_ct_plus_demo,9,102,SVM (RBF),68,19,target_plus_cohort,0.7894736842105263,0.7,0.875,0.7777777777777778,0.8636363636363636,0.8333333333333334,,,
scenario9_unanimous_ct_plus_demo,9,103,Logistic Regression,70,17,target_plus_cohort,0.7647058823529411,1.0,0.5,0.6666666666666666,1.0,1.0,,,
scenario9_unanimous_ct_plus_demo,9,103,Random Forest,70,17,target_plus_cohort,0.7647058823529411,1.0,0.5,0.6666666666666666,1.0,1.0,,,
scenario9_unanimous_ct_plus_demo,9,103,Gradient Boosting,70,17,target_plus_cohort,0.7058823529411765,0.6666666666666666,0.75,0.7058823529411765,0.9166666666666667,0.928409090909091,,,
scenario9_unanimous_ct_plus_demo,9,103,SVM (RBF),70,17,target_plus_cohort,0.7058823529411765,1.0,0.375,0.5454545454545454,0.986111111111111,0.9861111111111112,,,
scenario9_unanimous_ct_plus_demo,9,104,Logistic Regression,67,20,target_plus_cohort,1.0,1.0,1.0,1.0,1.0,1.0,,,
scenario9_unanimous_ct_plus_demo,9,104,Random Forest,67,20,target_plus_cohort,0.95,0.8888888888888888,1.0,0.9411764705882353,0.9791666666666666,0.9704861111111112,,,
scenario9_unanimous_ct_plus_demo,9,104,Gradient Boosting,67,20,target_plus_cohort,0.8,0.75,0.75,0.75,0.9583333333333334,0.9472222222222222,,,
scenario9_unanimous_ct_plus_demo,9,104,SVM (RBF),67,20,target_plus_cohort,0.95,1.0,0.875,0.9333333333333333,1.0,1.0,,,
scenario9_unanimous_ct_plus_demo,9,105,Logistic Regression,69,18,target_plus_cohort,0.8333333333333334,0.8333333333333334,0.7142857142857143,0.7692307692307693,0.961038961038961,0.9379251700680271,,,
scenario9_unanimous_ct_plus_demo,9,105,Random Forest,69,18,target_plus_cohort,0.7222222222222222,0.6666666666666666,0.5714285714285714,0.6153846153846154,0.8311688311688311,0.8233516483516483,,,
scenario9_unanimous_ct_plus_demo,9,105,Gradient Boosting,69,18,target_plus_cohort,0.8333333333333334,0.75,0.8571428571428571,0.8,0.8961038961038961,0.8715213358070499,,,
scenario9_unanimous_ct_plus_demo,9,105,SVM (RBF),69,18,target_plus_cohort,0.7777777777777778,0.8,0.5714285714285714,0.6666666666666666,0.7792207792207791,0.8052521008403359,,,
scenario9_unanimous_ct_plus_demo,9,106,Logistic Regression,69,18,target_plus_cohort,0.9444444444444444,0.875,1.0,0.9333333333333333,0.974025974025974,0.9617346938775511,,,
scenario9_unanimous_ct_plus_demo,9,106,Random Forest,69,18,target_plus_cohort,0.8888888888888888,1.0,0.7142857142857143,0.8333333333333334,0.935064935064935,0.9276437847866419,,,
scenario9_unanimous_ct_plus_demo,9,106,Gradient Boosting,69,18,target_plus_cohort,0.8333333333333334,0.7,1.0,0.8235294117647058,0.8961038961038961,0.8441043083900226,,,
scenario9_unanimous_ct_plus_demo,9,106,SVM (RBF),69,18,target_plus_cohort,0.8333333333333334,0.8333333333333334,0.7142857142857143,0.7692307692307693,0.9610389610389609,0.947845804988662,,,
scenario9_unanimous_ct_plus_demo,9,107,Logistic Regression,69,18,target_plus_cohort,0.9444444444444444,1.0,0.875,0.9333333333333333,1.0,1.0,,,
scenario9_unanimous_ct_plus_demo,9,107,Random Forest,69,18,target_plus_cohort,0.7222222222222222,0.8,0.5,0.6153846153846154,0.9375,0.9206845238095238,,,
scenario9_unanimous_ct_plus_demo,9,107,Gradient Boosting,69,18,target_plus_cohort,0.7777777777777778,1.0,0.5,0.6666666666666666,0.9,0.8837301587301587,,,
scenario9_unanimous_ct_plus_demo,9,107,SVM (RBF),69,18,target_plus_cohort,0.8888888888888888,1.0,0.75,0.8571428571428571,0.9750000000000001,0.9704861111111112,,,
scenario9_unanimous_ct_plus_demo,9,108,Logistic Regression,69,18,target_plus_cohort,1.0,1.0,1.0,1.0,1.0,1.0,,,
scenario9_unanimous_ct_plus_demo,9,108,Random Forest,69,18,target_plus_cohort,0.8333333333333334,0.7272727272727273,1.0,0.8421052631578947,0.9875,0.9861111111111112,,,
scenario9_unanimous_ct_plus_demo,9,108,Gradient Boosting,69,18,target_plus_cohort,0.8888888888888888,0.8,1.0,0.8888888888888888,0.9625,0.9526289682539683,,,
scenario9_unanimous_ct_plus_demo,9,108,SVM (RBF),69,18,target_plus_cohort,0.8333333333333334,0.8571428571428571,0.75,0.8,0.9500000000000001,0.9472222222222222,,,
scenario9_unanimous_ct_plus_demo,9,109,Logistic Regression,68,19,target_plus_cohort,0.8421052631578947,1.0,0.5714285714285714,0.7272727272727273,0.9285714285714286,0.9123376623376622,,,
scenario9_unanimous_ct_plus_demo,9,109,Random Forest,68,19,target_plus_cohort,0.8421052631578947,0.8333333333333334,0.7142857142857143,0.7692307692307693,0.8333333333333334,0.781035631035631,,,
scenario9_unanimous_ct_plus_demo,9,109,Gradient Boosting,68,19,target_plus_cohort,0.5789473684210527,0.4,0.2857142857142857,0.3333333333333333,0.6964285714285715,0.6688189629918952,,,
scenario9_unanimous_ct_plus_demo,9,109,SVM (RBF),68,19,target_plus_cohort,0.631578947368421,0.5,0.2857142857142857,0.36363636363636365,0.7857142857142857,0.7178571428571427,,,
scenario9_unanimous_ct_plus_demo,9,110,Logistic Regression,69,18,target_plus_cohort,0.9444444444444444,1.0,0.8571428571428571,0.9230769230769231,0.974025974025974,0.9682539682539681,,,
scenario9_unanimous_ct_plus_demo,9,110,Random Forest,69,18,target_plus_cohort,0.9444444444444444,0.875,1.0,0.9333333333333333,1.0,1.0,,,
scenario9_unanimous_ct_plus_demo,9,110,Gradient Boosting,69,18,target_plus_cohort,1.0,1.0,1.0,1.0,1.0,1.0,,,
scenario9_unanimous_ct_plus_demo,9,110,SVM (RBF),69,18,target_plus_cohort,0.8888888888888888,0.7777777777777778,1.0,0.875,0.987012987012987,0.982142857142857,,,
scenario9_unanimous_ct_plus_demo,9,111,Logistic Regression,71,16,target_plus_cohort,0.875,0.8333333333333334,0.8333333333333334,0.8333333333333334,0.9500000000000001,0.915079365079365,,,
scenario9_unanimous_ct_plus_demo,9,111,Random Forest,71,16,target_plus_cohort,0.75,0.75,0.5,0.6,0.7666666666666666,0.7592592592592593,,,
scenario9_unanimous_ct_plus_demo,9,111,Gradient Boosting,71,16,target_plus_cohort,0.4375,0.36363636363636365,0.6666666666666666,0.47058823529411764,0.4166666666666667,0.4606772856772857,,,
scenario9_unanimous_ct_plus_demo,9,111,SVM (RBF),71,16,target_plus_cohort,0.75,0.625,0.8333333333333334,0.7142857142857143,0.8,0.7327380952380952,,,
scenario9_unanimous_ct_plus_demo,9,112,Logistic Regression,70,17,target_plus_cohort,0.8823529411764706,1.0,0.75,0.8571428571428571,0.9583333333333333,0.959375,,,
scenario9_unanimous_ct_plus_demo,9,112,Random Forest,70,17,target_plus_cohort,0.7647058823529411,0.8333333333333334,0.625,0.7142857142857143,0.9305555555555556,0.9293650793650794,,,
scenario9_unanimous_ct_plus_demo,9,112,Gradient Boosting,70,17,target_plus_cohort,0.7647058823529411,0.75,0.75,0.75,0.888888888888889,0.8802579365079365,,,
scenario9_unanimous_ct_plus_demo,9,112,SVM (RBF),70,17,target_plus_cohort,0.8235294117647058,1.0,0.625,0.7692307692307693,0.9722222222222222,0.975,,,
scenario9_unanimous_ct_plus_demo,9,113,Logistic Regression,69,18,target_plus_cohort,0.7222222222222222,0.75,0.42857142857142855,0.5454545454545454,0.8051948051948051,0.7464285714285714,,,
scenario9_unanimous_ct_plus_demo,9,113,Random Forest,69,18,target_plus_cohort,0.7222222222222222,1.0,0.2857142857142857,0.4444444444444444,0.7662337662337663,0.7383503401360545,,,
scenario9_unanimous_ct_plus_demo,9,113,Gradient Boosting,69,18,target_plus_cohort,0.6666666666666666,0.6666666666666666,0.2857142857142857,0.4,0.7662337662337663,0.6828231292517006,,,
scenario9_unanimous_ct_plus_demo,9,113,SVM (RBF),69,18,target_plus_cohort,0.5,0.25,0.14285714285714285,0.18181818181818182,0.7012987012987013,0.5994897959183674,,,
scenario9_unanimous_ct_plus_demo,9,114,Logistic Regression,70,17,target_plus_cohort,0.8823529411764706,0.8571428571428571,0.8571428571428571,0.8571428571428571,0.9714285714285714,0.9617346938775511,,,
scenario9_unanimous_ct_plus_demo,9,114,Random Forest,70,17,target_plus_cohort,0.8235294117647058,0.8333333333333334,0.7142857142857143,0.7692307692307693,0.9714285714285714,0.9617346938775511,,,
scenario9_unanimous_ct_plus_demo,9,114,Gradient Boosting,70,17,target_plus_cohort,0.8235294117647058,0.8333333333333334,0.7142857142857143,0.7692307692307693,0.9428571428571428,0.9093537414965986,,,
scenario9_unanimous_ct_plus_demo,9,114,SVM (RBF),70,17,target_plus_cohort,0.7647058823529411,0.8,0.5714285714285714,0.6666666666666666,0.9285714285714286,0.8736394557823128,,,
scenario9_unanimous_ct_plus_demo,9,115,Logistic Regression,69,18,target_plus_cohort,1.0,1.0,1.0,1.0,1.0,1.0,,,
scenario9_unanimous_ct_plus_demo,9,115,Random Forest,69,18,target_plus_cohort,0.9444444444444444,1.0,0.8571428571428571,0.9230769230769231,0.922077922077922,0.9340659340659339,,,
scenario9_unanimous_ct_plus_demo,9,115,Gradient Boosting,69,18,target_plus_cohort,0.7777777777777778,0.7142857142857143,0.7142857142857143,0.7142857142857143,0.7012987012987014,0.5941043083900227,,,
scenario9_unanimous_ct_plus_demo,9,115,SVM (RBF),69,18,target_plus_cohort,0.7777777777777778,0.6666666666666666,0.8571428571428571,0.75,0.922077922077922,0.9123376623376622,,,
scenario9_unanimous_ct_plus_demo,9,116,Logistic Regression,69,18,target_plus_cohort,0.9444444444444444,0.8888888888888888,1.0,0.9411764705882353,0.9625,0.9526289682539683,,,
scenario9_unanimous_ct_plus_demo,9,116,Random Forest,69,18,target_plus_cohort,0.8333333333333334,0.8571428571428571,0.75,0.8,0.9375,0.9293650793650794,,,
scenario9_unanimous_ct_plus_demo,9,116,Gradient Boosting,69,18,target_plus_cohort,0.7777777777777778,0.75,0.75,0.75,0.8624999999999999,0.791801948051948,,,
scenario9_unanimous_ct_plus_demo,9,116,SVM (RBF),69,18,target_plus_cohort,0.8888888888888888,0.875,0.875,0.875,0.9875,0.9861111111111112,,,
scenario9_unanimous_ct_plus_demo,9,117,Logistic Regression,69,18,target_plus_cohort,0.9444444444444444,0.8888888888888888,1.0,0.9411764705882353,0.9875,0.9861111111111112,,,
scenario9_unanimous_ct_plus_demo,9,117,Random Forest,69,18,target_plus_cohort,0.8888888888888888,0.875,0.875,0.875,0.9375,0.9427083333333333,,,
scenario9_unanimous_ct_plus_demo,9,117,Gradient Boosting,69,18,target_plus_cohort,0.7222222222222222,0.6153846153846154,1.0,0.7619047619047619,0.8875000000000001,0.8867424242424242,,,
scenario9_unanimous_ct_plus_demo,9,117,SVM (RBF),69,18,target_plus_cohort,0.7222222222222222,0.8,0.5,0.6153846153846154,0.9375,0.906795634920635,,,
scenario9_unanimous_ct_plus_demo,9,118,Logistic Regression,69,18,target_plus_cohort,1.0,1.0,1.0,1.0,1.0,1.0,,,
scenario9_unanimous_ct_plus_demo,9,118,Random Forest,69,18,target_plus_cohort,0.8888888888888888,1.0,0.7142857142857143,0.8333333333333334,0.9090909090909091,0.9285714285714284,,,
scenario9_unanimous_ct_plus_demo,9,118,Gradient Boosting,69,18,target_plus_cohort,0.6111111111111112,0.5,0.2857142857142857,0.36363636363636365,0.7402597402597403,0.565410779696494,,,
scenario9_unanimous_ct_plus_demo,9,118,SVM (RBF),69,18,target_plus_cohort,0.8333333333333334,0.75,0.8571428571428571,0.8,0.9090909090909092,0.8885281385281385,,,
scenario9_unanimous_ct_plus_demo,9,119,Logistic Regression,68,19,target_plus_cohort,0.9473684210526315,0.8888888888888888,1.0,0.9411764705882353,1.0,1.0,,,
scenario9_unanimous_ct_plus_demo,9,119,Random Forest,68,19,target_plus_cohort,0.7894736842105263,0.75,0.75,0.75,0.9431818181818181,0.9293650793650794,,,
scenario9_unanimous_ct_plus_demo,9,119,Gradient Boosting,68,19,target_plus_cohort,0.9473684210526315,0.8888888888888888,1.0,0.9411764705882353,1.0,1.0,,,
scenario9_unanimous_ct_plus_demo,9,119,SVM (RBF),68,19,target_plus_cohort,0.8421052631578947,0.7777777777777778,0.875,0.8235294117647058,0.9318181818181819,0.9115936147186148,,,
scenario9_unanimous_ct_plus_demo,9,120,Logistic Regression,68,19,target_plus_cohort,1.0,1.0,1.0,1.0,1.0,0.9999999999999998,,,
scenario9_unanimous_ct_plus_demo,9,120,Random Forest,68,19,target_plus_cohort,0.7368421052631579,0.6666666666666666,0.5714285714285714,0.6153846153846154,0.8928571428571429,0.8429499072356215,,,
scenario9_unanimous_ct_plus_demo,9,120,Gradient Boosting,68,19,target_plus_cohort,0.7368421052631579,1.0,0.2857142857142857,0.4444444444444444,0.9404761904761905,0.9214285714285715,,,
scenario9_unanimous_ct_plus_demo,9,120,SVM (RBF),68,19,target_plus_cohort,0.6842105263157895,0.5454545454545454,0.8571428571428571,0.6666666666666666,0.8571428571428571,0.8170591313448454,,,
scenario9_unanimous_ct_plus_demo,9,121,Logistic Regression,69,18,target_plus_cohort,0.9444444444444444,1.0,0.8571428571428571,0.9230769230769231,0.987012987012987,0.982142857142857,,,
scenario9_unanimous_ct_plus_demo,9,121,Random Forest,69,18,target_plus_cohort,0.8888888888888888,0.7777777777777778,1.0,0.875,0.974025974025974,0.9682539682539681,,,
scenario9_unanimous_ct_plus_demo,9,121,Gradient Boosting,69,18,target_plus_cohort,0.8333333333333334,0.7,1.0,0.8235294117647058,1.0,1.0,,,
scenario9_unanimous_ct_plus_demo,9,121,SVM (RBF),69,18,target_plus_cohort,1.0,1.0,1.0,1.0,1.0,1.0,,,
scenario9_unanimous_ct_plus_demo,9,122,Logistic Regression,68,19,target_plus_cohort,0.8421052631578947,0.75,0.8571428571428571,0.8,0.9523809523809524,0.9480519480519478,,,
scenario9_unanimous_ct_plus_demo,9,122,Random Forest,68,19,target_plus_cohort,0.8947368421052632,1.0,0.7142857142857143,0.8333333333333334,0.9404761904761905,0.9404761904761902,,,
scenario9_unanimous_ct_plus_demo,9,122,Gradient Boosting,68,19,target_plus_cohort,0.631578947368421,0.5,0.2857142857142857,0.36363636363636365,0.6428571428571428,0.5819548872180451,,,
scenario9_unanimous_ct_plus_demo,9,122,SVM (RBF),68,19,target_plus_cohort,0.7368421052631579,0.6,0.8571428571428571,0.7058823529411765,0.8809523809523809,0.8992346938775508,,,
scenario9_unanimous_ct_plus_demo,9,123,Logistic Regression,71,16,target_plus_cohort,0.8125,0.75,0.8571428571428571,0.8,0.9206349206349207,0.9214285714285715,,,
scenario9_unanimous_ct_plus_demo,9,123,Random Forest,71,16,target_plus_cohort,0.75,0.7142857142857143,0.7142857142857143,0.7142857142857143,0.873015873015873,0.87152133580705,,,
scenario9_unanimous_ct_plus_demo,9,123,Gradient Boosting,71,16,target_plus_cohort,0.8125,0.75,0.8571428571428571,0.8,0.9523809523809524,0.9571428571428571,,,
scenario9_unanimous_ct_plus_demo,9,123,SVM (RBF),71,16,target_plus_cohort,0.75,0.7142857142857143,0.7142857142857143,0.7142857142857143,0.8412698412698413,0.8626373626373626,,,
scenario9_unanimous_ct_plus_demo,9,124,Logistic Regression,70,17,target_plus_cohort,0.6470588235294118,0.5714285714285714,0.5714285714285714,0.5714285714285714,0.8142857142857143,0.8233516483516483,,,
scenario9_unanimous_ct_plus_demo,9,124,Random Forest,70,17,target_plus_cohort,0.6470588235294118,0.6,0.42857142857142855,0.5,0.7857142857142857,0.7716509680795395,,,
scenario9_unanimous_ct_plus_demo,9,124,Gradient Boosting,70,17,target_plus_cohort,0.6470588235294118,0.5714285714285714,0.5714285714285714,0.5714285714285714,0.8071428571428572,0.7761131725417438,,,
scenario9_unanimous_ct_plus_demo,9,124,SVM (RBF),70,17,target_plus_cohort,0.5882352941176471,0.5,0.42857142857142855,0.46153846153846156,0.7428571428571429,0.7518707482993197,,,
scenario9_unanimous_ct_plus_demo,9,125,Logistic Regression,68,19,target_plus_cohort,0.9473684210526315,1.0,0.8571428571428571,0.9230769230769231,0.988095238095238,0.982142857142857,,,
scenario9_unanimous_ct_plus_demo,9,125,Random Forest,68,19,target_plus_cohort,0.8421052631578947,0.8333333333333334,0.7142857142857143,0.7692307692307693,0.9642857142857142,0.9379251700680271,,,
scenario9_unanimous_ct_plus_demo,9,125,Gradient Boosting,68,19,target_plus_cohort,0.9473684210526315,0.875,1.0,0.9333333333333333,1.0,1.0,,,
scenario9_unanimous_ct_plus_demo,9,125,SVM (RBF),68,19,target_plus_cohort,0.8421052631578947,0.8333333333333334,0.7142857142857143,0.7692307692307693,0.9642857142857143,0.947845804988662,,,
scenario9_unanimous_ct_plus_demo,9,126,Logistic Regression,69,18,target_plus_cohort,0.9444444444444444,1.0,0.8571428571428571,0.9230769230769231,1.0,1.0,,,
scenario9_unanimous_ct_plus_demo,9,126,Random Forest,69,18,target_plus_cohort,0.7777777777777778,0.6666666666666666,0.8571428571428571,0.75,0.8701298701298701,0.8468614718614718,,,
scenario9_unanimous_ct_plus_demo,9,126,Gradient Boosting,69,18,target_plus_cohort,0.6666666666666666,0.5555555555555556,0.7142857142857143,0.625,0.8701298701298701,0.8755411255411256,,,
scenario9_unanimous_ct_plus_demo,9,126,SVM (RBF),69,18,target_plus_cohort,0.6666666666666666,0.5714285714285714,0.5714285714285714,0.5714285714285714,0.8571428571428571,0.8373376623376623,,,
scenario9_unanimous_ct_plus_demo,9,127,Logistic Regression,69,18,target_plus_cohort,0.9444444444444444,0.875,1.0,0.9333333333333333,0.974025974025974,0.9617346938775511,,,
scenario9_unanimous_ct_plus_demo,9,127,Random Forest,69,18,target_plus_cohort,0.8888888888888888,0.8571428571428571,0.8571428571428571,0.8571428571428571,0.974025974025974,0.9682539682539681,,,
scenario9_unanimous_ct_plus_demo,9,127,Gradient Boosting,69,18,target_plus_cohort,0.8333333333333334,0.8333333333333334,0.7142857142857143,0.7692307692307693,0.8571428571428572,0.8571428571428572,,,
scenario9_unanimous_ct_plus_demo,9,127,SVM (RBF),69,18,target_plus_cohort,1.0,1.0,1.0,1.0,1.0,1.0,,,
scenario9_unanimous_ct_plus_demo,9,128,Logistic Regression,70,17,target_plus_cohort,0.7647058823529411,0.8,0.5714285714285714,0.6666666666666666,0.9142857142857143,0.8260204081632654,,,
scenario9_unanimous_ct_plus_demo,9,128,Random Forest,70,17,target_plus_cohort,0.6470588235294118,0.6666666666666666,0.2857142857142857,0.4,0.7571428571428571,0.7172077922077922,,,
scenario9_unanimous_ct_plus_demo,9,128,Gradient Boosting,70,17,target_plus_cohort,0.8235294117647058,0.8333333333333334,0.7142857142857143,0.7692307692307693,0.8857142857142857,0.8676870748299319,,,
scenario9_unanimous_ct_plus_demo,9,128,SVM (RBF),70,17,target_plus_cohort,0.5882352941176471,0.5,0.14285714285714285,0.2222222222222222,0.7857142857142857,0.6239022881880024,,,
scenario9_unanimous_ct_plus_demo,9,129,Logistic Regression,68,19,target_plus_cohort,1.0,1.0,1.0,1.0,1.0,1.0,,,
scenario9_unanimous_ct_plus_demo,9,129,Random Forest,68,19,target_plus_cohort,0.8421052631578947,0.7777777777777778,0.875,0.8235294117647058,0.9204545454545454,0.9068813131313131,,,
scenario9_unanimous_ct_plus_demo,9,129,Gradient Boosting,68,19,target_plus_cohort,0.8421052631578947,0.7777777777777778,0.875,0.8235294117647058,0.9090909090909091,0.8802579365079365,,,
scenario9_unanimous_ct_plus_demo,9,129,SVM (RBF),68,19,target_plus_cohort,0.7894736842105263,0.75,0.75,0.75,0.8863636363636364,0.8816287878787878,,,
scenario8_unanimous_demo_only,8,100,Logistic Regression,70,17,target_plus_cohort,0.8235294117647058,1.0,0.5714285714285714,0.7272727272727273,0.9714285714285715,0.9682539682539683,,,
scenario8_unanimous_demo_only,8,100,Random Forest,70,17,target_plus_cohort,0.8235294117647058,1.0,0.5714285714285714,0.7272727272727273,0.8571428571428572,0.8626373626373627,,,
scenario8_unanimous_demo_only,8,100,Gradient Boosting,70,17,target_plus_cohort,0.7058823529411765,1.0,0.2857142857142857,0.4444444444444444,0.8857142857142857,0.8766233766233766,,,
scenario8_unanimous_demo_only,8,100,SVM (RBF),70,17,target_plus_cohort,0.7058823529411765,0.6666666666666666,0.5714285714285714,0.6153846153846154,0.7428571428571428,0.8016806722689075,,,
scenario8_unanimous_demo_only,8,101,Logistic Regression,71,16,target_plus_cohort,0.9375,0.875,1.0,0.9333333333333333,1.0,1.0,,,
scenario8_unanimous_demo_only,8,101,Random Forest,71,16,target_plus_cohort,0.8125,0.75,0.8571428571428571,0.8,0.9682539682539683,0.9682539682539683,,,
scenario8_unanimous_demo_only,8,101,Gradient Boosting,71,16,target_plus_cohort,0.875,0.7777777777777778,1.0,0.875,0.9365079365079365,0.9365079365079365,,,
scenario8_unanimous_demo_only,8,101,SVM (RBF),71,16,target_plus_cohort,0.875,0.7777777777777778,1.0,0.875,1.0,1.0,,,
scenario8_unanimous_demo_only,8,102,Logistic Regression,68,19,target_plus_cohort,0.9473684210526315,0.8888888888888888,1.0,0.9411764705882353,0.9772727272727273,0.9722222222222222,,,
scenario8_unanimous_demo_only,8,102,Random Forest,68,19,target_plus_cohort,0.8421052631578947,0.8571428571428571,0.75,0.8,0.9772727272727273,0.9722222222222222,,,
scenario8_unanimous_demo_only,8,102,Gradient Boosting,68,19,target_plus_cohort,1.0,1.0,1.0,1.0,1.0,1.0,,,
scenario8_unanimous_demo_only,8,102,SVM (RBF),68,19,target_plus_cohort,0.7368421052631579,0.6666666666666666,0.75,0.7058823529411765,0.9318181818181819,0.9318181818181819,,,
scenario8_unanimous_demo_only,8,103,Logistic Regression,70,17,target_plus_cohort,0.8823529411764706,1.0,0.75,0.8571428571428571,1.0,1.0,,,
scenario8_unanimous_demo_only,8,103,Random Forest,70,17,target_plus_cohort,1.0,1.0,1.0,1.0,1.0,1.0,,,
scenario8_unanimous_demo_only,8,103,Gradient Boosting,70,17,target_plus_cohort,1.0,1.0,1.0,1.0,1.0,1.0,,,
scenario8_unanimous_demo_only,8,103,SVM (RBF),70,17,target_plus_cohort,1.0,1.0,1.0,1.0,1.0,1.0,,,
scenario8_unanimous_demo_only,8,104,Logistic Regression,67,20,target_plus_cohort,0.9,1.0,0.75,0.8571428571428571,0.9583333333333334,0.95,,,
scenario8_unanimous_demo_only,8,104,Random Forest,67,20,target_plus_cohort,0.9,1.0,0.75,0.8571428571428571,0.9583333333333334,0.95,,,
scenario8_unanimous_demo_only,8,104,Gradient Boosting,67,20,target_plus_cohort,0.8,0.75,0.75,0.75,0.9166666666666667,0.8928571428571428,,,
scenario8_unanimous_demo_only,8,104,SVM (RBF),67,20,target_plus_cohort,1.0,1.0,1.0,1.0,1.0,1.0,,,
scenario8_unanimous_demo_only,8,105,Logistic Regression,69,18,target_plus_cohort,0.8888888888888888,0.8571428571428571,0.8571428571428571,0.8571428571428571,0.961038961038961,0.9571428571428572,,,
scenario8_unanimous_demo_only,8,105,Random Forest,69,18,target_plus_cohort,0.9444444444444444,1.0,0.8571428571428571,0.9230769230769231,0.961038961038961,0.9571428571428572,,,
scenario8_unanimous_demo_only,8,105,Gradient Boosting,69,18,target_plus_cohort,0.7777777777777778,0.8,0.5714285714285714,0.6666666666666666,0.8831168831168831,0.8619047619047618,,,
scenario8_unanimous_demo_only,8,105,SVM (RBF),69,18,target_plus_cohort,0.8333333333333334,0.7,1.0,0.8235294117647058,0.961038961038961,0.9571428571428572,,,
scenario8_unanimous_demo_only,8,106,Logistic Regression,69,18,target_plus_cohort,0.8333333333333334,0.7,1.0,0.8235294117647058,1.0,0.9999999999999999,,,
scenario8_unanimous_demo_only,8,106,Random Forest,69,18,target_plus_cohort,0.8333333333333334,0.7,1.0,0.8235294117647058,0.974025974025974,0.9682539682539683,,,
scenario8_unanimous_demo_only,8,106,Gradient Boosting,69,18,target_plus_cohort,0.8333333333333334,0.7,1.0,0.8235294117647058,0.922077922077922,0.8956916099773242,,,
scenario8_unanimous_demo_only,8,106,SVM (RBF),69,18,target_plus_cohort,0.7222222222222222,0.625,0.7142857142857143,0.6666666666666666,0.922077922077922,0.9142857142857143,,,
scenario8_unanimous_demo_only,8,107,Logistic Regression,69,18,target_plus_cohort,0.7777777777777778,0.75,0.75,0.75,0.9500000000000001,0.95,,,
scenario8_unanimous_demo_only,8,107,Random Forest,69,18,target_plus_cohort,0.8888888888888888,1.0,0.75,0.8571428571428571,1.0,1.0,,,
scenario8_unanimous_demo_only,8,107,Gradient Boosting,69,18,target_plus_cohort,1.0,1.0,1.0,1.0,1.0,1.0,,,
scenario8_unanimous_demo_only,8,107,SVM (RBF),69,18,target_plus_cohort,0.8888888888888888,0.8,1.0,0.8888888888888888,1.0,1.0,,,
scenario8_unanimous_demo_only,8,108,Logistic Regression,69,18,target_plus_cohort,1.0,1.0,1.0,1.0,1.0,1.0,,,
scenario8_unanimous_demo_only,8,108,Random Forest,69,18,target_plus_cohort,0.9444444444444444,0.8888888888888888,1.0,0.9411764705882353,0.9750000000000001,0.9722222222222222,,,
scenario8_unanimous_demo_only,8,108,Gradient Boosting,69,18,target_plus_cohort,0.9444444444444444,0.8888888888888888,1.0,0.9411764705882353,1.0,1.0,,,
scenario8_unanimous_demo_only,8,108,SVM (RBF),69,18,target_plus_cohort,1.0,1.0,1.0,1.0,1.0,1.0,,,
scenario8_unanimous_demo_only,8,109,Logistic Regression,68,19,target_plus_cohort,0.9473684210526315,1.0,0.8571428571428571,0.9230769230769231,0.9761904761904763,0.9682539682539683,,,
scenario8_unanimous_demo_only,8,109,Random Forest,68,19,target_plus_cohort,0.9473684210526315,1.0,0.8571428571428571,0.9230769230769231,0.9285714285714286,0.934065934065934,,,
scenario8_unanimous_demo_only,8,109,Gradient Boosting,68,19,target_plus_cohort,0.7368421052631579,1.0,0.2857142857142857,0.4444444444444444,0.9047619047619048,0.9238095238095237,,,
scenario8_unanimous_demo_only,8,109,SVM (RBF),68,19,target_plus_cohort,0.8421052631578947,1.0,0.5714285714285714,0.7272727272727273,0.9285714285714286,0.934065934065934,,,
scenario8_unanimous_demo_only,8,110,Logistic Regression,69,18,target_plus_cohort,1.0,1.0,1.0,1.0,1.0,1.0,,,
scenario8_unanimous_demo_only,8,110,Random Forest,69,18,target_plus_cohort,0.8888888888888888,1.0,0.7142857142857143,0.8333333333333334,1.0,1.0,,,
scenario8_unanimous_demo_only,8,110,Gradient Boosting,69,18,target_plus_cohort,1.0,1.0,1.0,1.0,1.0,1.0,,,
scenario8_unanimous_demo_only,8,110,SVM (RBF),69,18,target_plus_cohort,0.7777777777777778,0.7142857142857143,0.7142857142857143,0.7142857142857143,0.9480519480519481,0.9365079365079365,,,
scenario8_unanimous_demo_only,8,111,Logistic Regression,71,16,target_plus_cohort,0.8125,0.6666666666666666,1.0,0.8,0.8333333333333334,0.7297619047619047,,,
scenario8_unanimous_demo_only,8,111,Random Forest,71,16,target_plus_cohort,0.875,0.75,1.0,0.8571428571428571,0.8333333333333334,0.7277777777777777,,,
scenario8_unanimous_demo_only,8,111,Gradient Boosting,71,16,target_plus_cohort,0.75,0.6,1.0,0.75,0.6666666666666666,0.5888888888888889,,,
scenario8_unanimous_demo_only,8,111,SVM (RBF),71,16,target_plus_cohort,0.875,0.75,1.0,0.8571428571428571,0.8666666666666667,0.7996031746031746,,,
scenario8_unanimous_demo_only,8,112,Logistic Regression,70,17,target_plus_cohort,0.8823529411764706,1.0,0.75,0.8571428571428571,0.9444444444444444,0.95,,,
scenario8_unanimous_demo_only,8,112,Random Forest,70,17,target_plus_cohort,0.8823529411764706,1.0,0.75,0.8571428571428571,0.9444444444444444,0.95,,,
scenario8_unanimous_demo_only,8,112,Gradient Boosting,70,17,target_plus_cohort,0.7647058823529411,0.75,0.75,0.75,0.9444444444444444,0.95,,,
scenario8_unanimous_demo_only,8,112,SVM (RBF),70,17,target_plus_cohort,1.0,1.0,1.0,1.0,1.0,1.0,,,
scenario8_unanimous_demo_only,8,113,Logistic Regression,69,18,target_plus_cohort,0.8333333333333334,0.75,0.8571428571428571,0.8,0.8441558441558441,0.7813852813852814,,,
scenario8_unanimous_demo_only,8,113,Random Forest,69,18,target_plus_cohort,0.8333333333333334,0.75,0.8571428571428571,0.8,0.8961038961038961,0.8766233766233766,,,
scenario8_unanimous_demo_only,8,113,Gradient Boosting,69,18,target_plus_cohort,0.8333333333333334,0.75,0.8571428571428571,0.8,0.8961038961038961,0.8766233766233766,,,
scenario8_unanimous_demo_only,8,113,SVM (RBF),69,18,target_plus_cohort,0.7222222222222222,0.6666666666666666,0.5714285714285714,0.6153846153846154,0.8441558441558441,0.7813852813852814,,,
scenario8_unanimous_demo_only,8,114,Logistic Regression,70,17,target_plus_cohort,0.9411764705882353,0.875,1.0,0.9333333333333333,0.9285714285714286,0.8833333333333334,,,
scenario8_unanimous_demo_only,8,114,Random Forest,70,17,target_plus_cohort,0.8823529411764706,1.0,0.7142857142857143,0.8333333333333334,1.0,0.9999999999999999,,,
scenario8_unanimous_demo_only,8,114,Gradient Boosting,70,17,target_plus_cohort,1.0,1.0,1.0,1.0,1.0,0.9999999999999999,,,
scenario8_unanimous_demo_only,8,114,SVM (RBF),70,17,target_plus_cohort,0.8235294117647058,0.8333333333333334,0.7142857142857143,0.7692307692307693,0.9714285714285713,0.9642857142857143,,,
scenario8_unanimous_demo_only,8,115,Logistic Regression,69,18,target_plus_cohort,0.6666666666666666,0.5555555555555556,0.7142857142857143,0.625,0.8961038961038961,0.8961038961038961,,,
scenario8_unanimous_demo_only,8,115,Random Forest,69,18,target_plus_cohort,0.7777777777777778,0.7142857142857143,0.7142857142857143,0.7142857142857143,0.8701298701298702,0.8552875695732839,,,
scenario8_unanimous_demo_only,8,115,Gradient Boosting,69,18,target_plus_cohort,0.7777777777777778,0.7142857142857143,0.7142857142857143,0.7142857142857143,0.7272727272727273,0.6893424036281179,,,
scenario8_unanimous_demo_only,8,115,SVM (RBF),69,18,target_plus_cohort,0.7777777777777778,0.6363636363636364,1.0,0.7777777777777778,1.0,1.0,,,
scenario8_unanimous_demo_only,8,116,Logistic Regression,69,18,target_plus_cohort,0.9444444444444444,0.8888888888888888,1.0,0.9411764705882353,1.0,1.0,,,
scenario8_unanimous_demo_only,8,116,Random Forest,69,18,target_plus_cohort,0.8888888888888888,0.8,1.0,0.8888888888888888,0.9,0.8875,,,
scenario8_unanimous_demo_only,8,116,Gradient Boosting,69,18,target_plus_cohort,0.7777777777777778,0.75,0.75,0.75,0.8,0.7708333333333333,,,
scenario8_unanimous_demo_only,8,116,SVM (RBF),69,18,target_plus_cohort,0.8888888888888888,0.8,1.0,0.8888888888888888,0.8500000000000001,0.8041666666666667,,,
scenario8_unanimous_demo_only,8,117,Logistic Regression,69,18,target_plus_cohort,0.7222222222222222,0.6153846153846154,1.0,0.7619047619047619,0.975,0.9722222222222222,,,
scenario8_unanimous_demo_only,8,117,Random Forest,69,18,target_plus_cohort,0.8333333333333334,0.7272727272727273,1.0,0.8421052631578947,0.9500000000000001,0.95,,,
scenario8_unanimous_demo_only,8,117,Gradient Boosting,69,18,target_plus_cohort,0.8888888888888888,0.8,1.0,0.8888888888888888,0.9,0.8875,,,
scenario8_unanimous_demo_only,8,117,SVM (RBF),69,18,target_plus_cohort,0.8333333333333334,0.8571428571428571,0.75,0.8,0.8250000000000001,0.8571428571428571,,,
scenario8_unanimous_demo_only,8,118,Logistic Regression,69,18,target_plus_cohort,0.7777777777777778,0.7142857142857143,0.7142857142857143,0.7142857142857143,0.9480519480519481,0.9365079365079365,,,
scenario8_unanimous_demo_only,8,118,Random Forest,69,18,target_plus_cohort,0.6111111111111112,0.5,0.2857142857142857,0.36363636363636365,0.8181818181818181,0.6575963718820861,,,
scenario8_unanimous_demo_only,8,118,Gradient Boosting,69,18,target_plus_cohort,0.6111111111111112,0.5,0.2857142857142857,0.36363636363636365,0.7012987012987013,0.5600907029478458,,,
scenario8_unanimous_demo_only,8,118,SVM (RBF),69,18,target_plus_cohort,0.8888888888888888,0.7777777777777778,1.0,0.875,1.0,1.0,,,
scenario8_unanimous_demo_only,8,119,Logistic Regression,68,19,target_plus_cohort,0.9473684210526315,0.8888888888888888,1.0,0.9411764705882353,1.0,1.0,,,
scenario8_unanimous_demo_only,8,119,Random Forest,68,19,target_plus_cohort,0.9473684210526315,0.8888888888888888,1.0,0.9411764705882353,1.0,1.0,,,
scenario8_unanimous_demo_only,8,119,Gradient Boosting,68,19,target_plus_cohort,1.0,1.0,1.0,1.0,1.0,1.0,,,
scenario8_unanimous_demo_only,8,119,SVM (RBF),68,19,target_plus_cohort,0.9473684210526315,0.8888888888888888,1.0,0.9411764705882353,1.0,1.0,,,
scenario8_unanimous_demo_only,8,120,Logistic Regression,68,19,target_plus_cohort,0.8947368421052632,1.0,0.7142857142857143,0.8333333333333334,1.0,1.0,,,
scenario8_unanimous_demo_only,8,120,Random Forest,68,19,target_plus_cohort,0.7368421052631579,1.0,0.2857142857142857,0.4444444444444444,0.9523809523809524,0.9365079365079365,,,
scenario8_unanimous_demo_only,8,120,Gradient Boosting,68,19,target_plus_cohort,0.7894736842105263,1.0,0.42857142857142855,0.6,1.0,0.9999999999999999,,,
scenario8_unanimous_demo_only,8,120,SVM (RBF),68,19,target_plus_cohort,0.8947368421052632,0.7777777777777778,1.0,0.875,1.0,0.9999999999999999,,,
scenario8_unanimous_demo_only,8,121,Logistic Regression,69,18,target_plus_cohort,1.0,1.0,1.0,1.0,1.0,1.0,,,
scenario8_unanimous_demo_only,8,121,Random Forest,69,18,target_plus_cohort,1.0,1.0,1.0,1.0,1.0,1.0,,,
scenario8_unanimous_demo_only,8,121,Gradient Boosting,69,18,target_plus_cohort,0.8888888888888888,0.7777777777777778,1.0,0.875,1.0,1.0,,,
scenario8_unanimous_demo_only,8,121,SVM (RBF),69,18,target_plus_cohort,1.0,1.0,1.0,1.0,1.0,1.0,,,
scenario8_unanimous_demo_only,8,122,Logistic Regression,68,19,target_plus_cohort,0.8421052631578947,0.75,0.8571428571428571,0.8,0.8333333333333334,0.7673992673992673,,,
scenario8_unanimous_demo_only,8,122,Random Forest,68,19,target_plus_cohort,0.7368421052631579,0.6666666666666666,0.5714285714285714,0.6153846153846154,0.8095238095238095,0.7373737373737373,,,
scenario8_unanimous_demo_only,8,122,Gradient Boosting,68,19,target_plus_cohort,0.631578947368421,0.5,0.2857142857142857,0.36363636363636365,0.6428571428571428,0.5819548872180451,,,
scenario8_unanimous_demo_only,8,122,SVM (RBF),68,19,target_plus_cohort,0.7368421052631579,0.6,0.8571428571428571,0.7058823529411765,0.8333333333333334,0.7673992673992673,,,
scenario8_unanimous_demo_only,8,123,Logistic Regression,71,16,target_plus_cohort,0.875,0.8571428571428571,0.8571428571428571,0.8571428571428571,0.9365079365079365,0.927437641723356,,,
scenario8_unanimous_demo_only,8,123,Random Forest,71,16,target_plus_cohort,0.9375,1.0,0.8571428571428571,0.9230769230769231,0.9682539682539683,0.9682539682539683,,,
scenario8_unanimous_demo_only,8,123,Gradient Boosting,71,16,target_plus_cohort,0.9375,1.0,0.8571428571428571,0.9230769230769231,0.9365079365079365,0.948051948051948,,,
scenario8_unanimous_demo_only,8,123,SVM (RBF),71,16,target_plus_cohort,0.75,0.8,0.5714285714285714,0.6666666666666666,0.9047619047619048,0.8968253968253969,,,
scenario8_unanimous_demo_only,8,124,Logistic Regression,70,17,target_plus_cohort,0.9411764705882353,1.0,0.8571428571428571,0.9230769230769231,0.9571428571428571,0.9571428571428572,,,
scenario8_unanimous_demo_only,8,124,Random Forest,70,17,target_plus_cohort,0.9411764705882353,1.0,0.8571428571428571,0.9230769230769231,0.9285714285714286,0.9404761904761905,,,
scenario8_unanimous_demo_only,8,124,Gradient Boosting,70,17,target_plus_cohort,0.9411764705882353,1.0,0.8571428571428571,0.9230769230769231,0.9285714285714286,0.9404761904761905,,,
scenario8_unanimous_demo_only,8,124,SVM (RBF),70,17,target_plus_cohort,0.8235294117647058,1.0,0.5714285714285714,0.7272727272727273,0.9285714285714286,0.9404761904761905,,,
scenario8_unanimous_demo_only,8,125,Logistic Regression,68,19,target_plus_cohort,1.0,1.0,1.0,1.0,1.0,1.0,,,
scenario8_unanimous_demo_only,8,125,Random Forest,68,19,target_plus_cohort,1.0,1.0,1.0,1.0,1.0,1.0,,,
scenario8_unanimous_demo_only,8,125,Gradient Boosting,68,19,target_plus_cohort,1.0,1.0,1.0,1.0,1.0,1.0,,,
scenario8_unanimous_demo_only,8,125,SVM (RBF),68,19,target_plus_cohort,0.7894736842105263,1.0,0.42857142857142855,0.6,1.0,1.0,,,
scenario8_unanimous_demo_only,8,126,Logistic Regression,69,18,target_plus_cohort,1.0,1.0,1.0,1.0,1.0,1.0,,,
scenario8_unanimous_demo_only,8,126,Random Forest,69,18,target_plus_cohort,1.0,1.0,1.0,1.0,1.0,1.0,,,
scenario8_unanimous_demo_only,8,126,Gradient Boosting,69,18,target_plus_cohort,0.8888888888888888,0.7777777777777778,1.0,0.875,1.0,1.0,,,
scenario8_unanimous_demo_only,8,126,SVM (RBF),69,18,target_plus_cohort,0.8888888888888888,1.0,0.7142857142857143,0.8333333333333334,1.0,1.0,,,
scenario8_unanimous_demo_only,8,127,Logistic Regression,69,18,target_plus_cohort,0.8333333333333334,0.8333333333333334,0.7142857142857143,0.7692307692307693,0.974025974025974,0.9642857142857143,,,
scenario8_unanimous_demo_only,8,127,Random Forest,69,18,target_plus_cohort,0.8888888888888888,1.0,0.7142857142857143,0.8333333333333334,0.8701298701298701,0.8809523809523809,,,
scenario8_unanimous_demo_only,8,127,Gradient Boosting,69,18,target_plus_cohort,0.8333333333333334,0.8333333333333334,0.7142857142857143,0.7692307692307693,0.922077922077922,0.9142857142857143,,,
scenario8_unanimous_demo_only,8,127,SVM (RBF),69,18,target_plus_cohort,1.0,1.0,1.0,1.0,1.0,1.0,,,
scenario8_unanimous_demo_only,8,128,Logistic Regression,70,17,target_plus_cohort,0.8823529411764706,0.8571428571428571,0.8571428571428571,0.8571428571428571,0.9,0.8591836734693877,,,
scenario8_unanimous_demo_only,8,128,Random Forest,70,17,target_plus_cohort,0.8235294117647058,1.0,0.5714285714285714,0.7272727272727273,0.9571428571428571,0.9571428571428572,,,
scenario8_unanimous_demo_only,8,128,Gradient Boosting,70,17,target_plus_cohort,0.9411764705882353,1.0,0.8571428571428571,0.9230769230769231,0.9571428571428571,0.9571428571428572,,,
scenario8_unanimous_demo_only,8,128,SVM (RBF),70,17,target_plus_cohort,0.7647058823529411,0.8,0.5714285714285714,0.6666666666666666,0.9,0.8591836734693877,,,
scenario8_unanimous_demo_only,8,129,Logistic Regression,68,19,target_plus_cohort,1.0,1.0,1.0,1.0,1.0,1.0,,,
scenario8_unanimous_demo_only,8,129,Random Forest,68,19,target_plus_cohort,1.0,1.0,1.0,1.0,1.0,1.0,,,
scenario8_unanimous_demo_only,8,129,Gradient Boosting,68,19,target_plus_cohort,0.8947368421052632,1.0,0.75,0.8571428571428571,1.0,1.0,,,
scenario8_unanimous_demo_only,8,129,SVM (RBF),68,19,target_plus_cohort,0.8947368421052632,1.0,0.75,0.8571428571428571,0.9090909090909091,0.9166666666666666,,,
scenario10_original_ct_only,10,100,Logistic Regression,158,42,target_plus_cohort,0.6904761904761905,0.6842105263157895,0.65,0.6666666666666666,0.7818181818181819,0.7986761836513009,,,
scenario10_original_ct_only,10,100,Random Forest,158,42,target_plus_cohort,0.5714285714285714,0.55,0.55,0.55,0.6749999999999999,0.6488139204479255,,,
scenario10_original_ct_only,10,100,Gradient Boosting,158,42,target_plus_cohort,0.6190476190476191,0.625,0.5,0.5555555555555556,0.6318181818181818,0.5697908723291584,,,
scenario10_original_ct_only,10,100,SVM (RBF),158,42,target_plus_cohort,0.5714285714285714,0.5625,0.45,0.5,0.6795454545454546,0.716283671923196,,,
scenario10_original_ct_only,10,101,Logistic Regression,155,45,target_plus_cohort,0.6444444444444445,0.6153846153846154,0.7272727272727273,0.6666666666666666,0.6877470355731226,0.68201620870177,,,
scenario10_original_ct_only,10,101,Random Forest,155,45,target_plus_cohort,0.7111111111111111,0.7142857142857143,0.6818181818181818,0.6976744186046512,0.7292490118577075,0.6851368200599154,,,
scenario10_original_ct_only,10,101,Gradient Boosting,155,45,target_plus_cohort,0.6,0.625,0.45454545454545453,0.5263157894736842,0.6976284584980237,0.6853586048755963,,,
scenario10_original_ct_only,10,101,SVM (RBF),155,45,target_plus_cohort,0.5777777777777777,0.5882352941176471,0.45454545454545453,0.5128205128205128,0.6758893280632412,0.6519560397974652,,,
scenario10_original_ct_only,10,102,Logistic Regression,161,39,target_plus_cohort,0.48717948717948717,0.4666666666666667,0.3684210526315789,0.4117647058823529,0.5684210526315789,0.5796982955115455,,,
scenario10_original_ct_only,10,102,Random Forest,161,39,target_plus_cohort,0.5384615384615384,0.5714285714285714,0.21052631578947367,0.3076923076923077,0.5342105263157895,0.5180233646869401,,,
scenario10_original_ct_only,10,102,Gradient Boosting,161,39,target_plus_cohort,0.5384615384615384,0.5555555555555556,0.2631578947368421,0.35714285714285715,0.5815789473684211,0.5510946003810736,,,
scenario10_original_ct_only,10,102,SVM (RBF),161,39,target_plus_cohort,0.5128205128205128,0.5,0.42105263157894735,0.45714285714285713,0.5526315789473684,0.5512141729472815,,,
scenario10_original_ct_only,10,103,Logistic Regression,158,42,target_plus_cohort,0.5238095238095238,0.5,0.45,0.47368421052631576,0.5386363636363636,0.46831537717952076,,,
scenario10_original_ct_only,10,103,Random Forest,158,42,target_plus_cohort,0.47619047619047616,0.45,0.45,0.45,0.5068181818181818,0.4634210504993991,,,
scenario10_original_ct_only,10,103,Gradient Boosting,158,42,target_plus_cohort,0.47619047619047616,0.4444444444444444,0.4,0.42105263157894735,0.4636363636363636,0.45784612717588835,,,
scenario10_original_ct_only,10,103,SVM (RBF),158,42,target_plus_cohort,0.5952380952380952,0.5882352941176471,0.5,0.5405405405405406,0.5363636363636363,0.5618766987084752,,,
scenario10_original_ct_only,10,104,Logistic Regression,158,42,target_plus_cohort,0.5952380952380952,0.5789473684210527,0.55,0.5641025641025641,0.5954545454545455,0.5051023244633942,,,
scenario10_original_ct_only,10,104,Random Forest,158,42,target_plus_cohort,0.4523809523809524,0.38461538461538464,0.25,0.30303030303030304,0.5090909090909091,0.4909907186502399,,,
scenario10_original_ct_only,10,104,Gradient Boosting,158,42,target_plus_cohort,0.42857142857142855,0.35714285714285715,0.25,0.29411764705882354,0.4772727272727273,0.4808331340114578,,,
scenario10_original_ct_only,10,104,SVM (RBF),158,42,target_plus_cohort,0.5476190476190477,0.5333333333333333,0.4,0.45714285714285713,0.4886363636363636,0.49973565886106,,,
scenario10_original_ct_only,10,105,Logistic Regression,159,41,target_plus_cohort,0.5853658536585366,0.6,0.5714285714285714,0.5853658536585366,0.6071428571428571,0.5379024323017649,,,
scenario10_original_ct_only,10,105,Random Forest,159,41,target_plus_cohort,0.6585365853658537,0.7058823529411765,0.5714285714285714,0.631578947368421,0.719047619047619,0.7282430849150958,,,
scenario10_original_ct_only,10,105,Gradient Boosting,159,41,target_plus_cohort,0.7560975609756098,0.7619047619047619,0.7619047619047619,0.7619047619047619,0.7785714285714286,0.7438783953313408,,,
scenario10_original_ct_only,10,105,SVM (RBF),159,41,target_plus_cohort,0.6829268292682927,0.8333333333333334,0.47619047619047616,0.6060606060606061,0.7785714285714286,0.7492296748563048,,,
scenario10_original_ct_only,10,106,Logistic Regression,159,41,target_plus_cohort,0.5853658536585366,0.5789473684210527,0.55,0.5641025641025641,0.5285714285714286,0.48698295325634156,,,
scenario10_original_ct_only,10,106,Random Forest,159,41,target_plus_cohort,0.6097560975609756,0.6111111111111112,0.55,0.5789473684210527,0.5523809523809524,0.5043947145135272,,,
scenario10_original_ct_only,10,106,Gradient Boosting,159,41,target_plus_cohort,0.43902439024390244,0.42105263157894735,0.4,0.41025641025641024,0.4571428571428572,0.4599139016537248,,,
scenario10_original_ct_only,10,106,SVM (RBF),159,41,target_plus_cohort,0.5121951219512195,0.5,0.45,0.47368421052631576,0.5523809523809524,0.6275241530216422,,,
scenario10_original_ct_only,10,107,Logistic Regression,159,41,target_plus_cohort,0.5121951219512195,0.4666666666666667,0.3684210526315789,0.4117647058823529,0.5358851674641149,0.4563080939982563,,,
scenario10_original_ct_only,10,107,Random Forest,159,41,target_plus_cohort,0.5853658536585366,0.5625,0.47368421052631576,0.5142857142857142,0.5980861244019139,0.5344540964169722,,,
scenario10_original_ct_only,10,107,Gradient Boosting,159,41,target_plus_cohort,0.6585365853658537,0.6666666666666666,0.5263157894736842,0.5882352941176471,0.5861244019138756,0.58049469965512,,,
scenario10_original_ct_only,10,107,SVM (RBF),159,41,target_plus_cohort,0.5853658536585366,0.5714285714285714,0.42105263157894735,0.48484848484848486,0.6555023923444976,0.6756430378068843,,,
scenario10_original_ct_only,10,108,Logistic Regression,159,41,target_plus_cohort,0.4634146341463415,0.4375,0.35,0.3888888888888889,0.5309523809523811,0.49658197244415436,,,
scenario10_original_ct_only,10,108,Random Forest,159,41,target_plus_cohort,0.43902439024390244,0.4,0.3,0.34285714285714286,0.5047619047619049,0.5025478257059686,,,
scenario10_original_ct_only,10,108,Gradient Boosting,159,41,target_plus_cohort,0.5365853658536586,0.5333333333333333,0.4,0.45714285714285713,0.5547619047619048,0.6045950693752468,,,
scenario10_original_ct_only,10,108,SVM (RBF),159,41,target_plus_cohort,0.4634146341463415,0.4375,0.35,0.3888888888888889,0.45952380952380956,0.53183487237552,,,
scenario10_original_ct_only,10,109,Logistic Regression,159,41,target_plus_cohort,0.6097560975609756,0.6190476190476191,0.6190476190476191,0.6190476190476191,0.6047619047619047,0.6031898876421804,,,
scenario10_original_ct_only,10,109,Random Forest,159,41,target_plus_cohort,0.5853658536585366,0.625,0.47619047619047616,0.5405405405405406,0.6047619047619047,0.6294914522319177,,,
scenario10_original_ct_only,10,109,Gradient Boosting,159,41,target_plus_cohort,0.5853658536585366,0.6428571428571429,0.42857142857142855,0.5142857142857142,0.6452380952380953,0.6911156721406075,,,
scenario10_original_ct_only,10,109,SVM (RBF),159,41,target_plus_cohort,0.6097560975609756,0.6923076923076923,0.42857142857142855,0.5294117647058824,0.6071428571428571,0.6885356646696961,,,
scenario10_original_ct_only,10,110,Logistic Regression,161,39,target_plus_cohort,0.5641025641025641,0.55,0.5789473684210527,0.5641025641025641,0.5973684210526315,0.5834130228116905,,,
scenario10_original_ct_only,10,110,Random Forest,161,39,target_plus_cohort,0.5384615384615384,0.5294117647058824,0.47368421052631576,0.5,0.5052631578947369,0.478013169724228,,,
scenario10_original_ct_only,10,110,Gradient Boosting,161,39,target_plus_cohort,0.5897435897435898,0.6666666666666666,0.3157894736842105,0.42857142857142855,0.6078947368421053,0.6614266373823159,,,
scenario10_original_ct_only,10,110,SVM (RBF),161,39,target_plus_cohort,0.5128205128205128,0.5,0.47368421052631576,0.4864864864864865,0.5552631578947369,0.6063801237916482,,,
scenario10_original_ct_only,10,111,Logistic Regression,158,42,target_plus_cohort,0.5714285714285714,0.52,0.6842105263157895,0.5909090909090909,0.4668192219679634,0.41848919937685414,,,
scenario10_original_ct_only,10,111,Random Forest,158,42,target_plus_cohort,0.4523809523809524,0.3888888888888889,0.3684210526315789,0.3783783783783784,0.4439359267734554,0.4160218718429164,,,
scenario10_original_ct_only,10,111,Gradient Boosting,158,42,target_plus_cohort,0.4523809523809524,0.3888888888888889,0.3684210526315789,0.3783783783783784,0.41418764302059496,0.4713687889382828,,,
scenario10_original_ct_only,10,111,SVM (RBF),158,42,target_plus_cohort,0.47619047619047616,0.4117647058823529,0.3684210526315789,0.3888888888888889,0.4805491990846682,0.5048070149591996,,,
scenario10_original_ct_only,10,112,Logistic Regression,159,41,target_plus_cohort,0.6097560975609756,0.625,0.5,0.5555555555555556,0.7166666666666667,0.6267657246869325,,,
scenario10_original_ct_only,10,112,Random Forest,159,41,target_plus_cohort,0.5853658536585366,0.5789473684210527,0.55,0.5641025641025641,0.6857142857142857,0.6370059590162812,,,
scenario10_original_ct_only,10,112,Gradient Boosting,159,41,target_plus_cohort,0.6829268292682927,0.7058823529411765,0.6,0.6486486486486487,0.7095238095238094,0.7692014633847112,,,
scenario10_original_ct_only,10,112,SVM (RBF),159,41,target_plus_cohort,0.5853658536585366,0.6,0.45,0.5142857142857142,0.6666666666666666,0.7235098877254198,,,
scenario10_original_ct_only,10,113,Logistic Regression,159,41,target_plus_cohort,0.5609756097560976,0.5217391304347826,0.631578947368421,0.5714285714285714,0.5454545454545454,0.47707358349318874,,,
scenario10_original_ct_only,10,113,Random Forest,159,41,target_plus_cohort,0.5853658536585366,0.55,0.5789473684210527,0.5641025641025641,0.6076555023923444,0.5435061117706896,,,
scenario10_original_ct_only,10,113,Gradient Boosting,159,41,target_plus_cohort,0.5365853658536586,0.5,0.5789473684210527,0.5365853658536586,0.5765550239234449,0.5617170221214618,,,
scenario10_original_ct_only,10,113,SVM (RBF),159,41,target_plus_cohort,0.6097560975609756,0.6,0.47368421052631576,0.5294117647058824,0.5861244019138756,0.5987610038408253,,,
scenario10_original_ct_only,10,114,Logistic Regression,158,42,target_plus_cohort,0.6428571428571429,0.5909090909090909,0.6842105263157895,0.6341463414634146,0.6109839816933639,0.5123128247379763,,,
scenario10_original_ct_only,10,114,Random Forest,158,42,target_plus_cohort,0.5476190476190477,0.5,0.42105263157894735,0.45714285714285713,0.4462242562929062,0.4372278744377373,,,
scenario10_original_ct_only,10,114,Gradient Boosting,158,42,target_plus_cohort,0.5238095238095238,0.47058823529411764,0.42105263157894735,0.4444444444444444,0.482837528604119,0.48469706071280466,,,
scenario10_original_ct_only,10,114,SVM (RBF),158,42,target_plus_cohort,0.4523809523809524,0.375,0.3157894736842105,0.34285714285714286,0.482837528604119,0.5725330010546728,,,
scenario10_original_ct_only,10,115,Logistic Regression,159,41,target_plus_cohort,0.4634146341463415,0.45454545454545453,0.5,0.47619047619047616,0.4714285714285714,0.5212648151608613,,,
scenario10_original_ct_only,10,115,Random Forest,159,41,target_plus_cohort,0.43902439024390244,0.42857142857142855,0.45,0.43902439024390244,0.4095238095238095,0.513373349555686,,,
scenario10_original_ct_only,10,115,Gradient Boosting,159,41,target_plus_cohort,0.4634146341463415,0.45,0.45,0.45,0.45000000000000007,0.4951733459860395,,,
scenario10_original_ct_only,10,115,SVM (RBF),159,41,target_plus_cohort,0.4634146341463415,0.4375,0.35,0.3888888888888889,0.5238095238095238,0.5001655785095716,,,
scenario10_original_ct_only,10,116,Logistic Regression,157,43,target_plus_cohort,0.6976744186046512,0.7222222222222222,0.6190476190476191,0.6666666666666666,0.7121212121212122,0.6431536046242285,,,
scenario10_original_ct_only,10,116,Random Forest,157,43,target_plus_cohort,0.6511627906976745,0.6666666666666666,0.5714285714285714,0.6153846153846154,0.7186147186147186,0.7171380983366786,,,
scenario10_original_ct_only,10,116,Gradient Boosting,157,43,target_plus_cohort,0.5581395348837209,0.5625,0.42857142857142855,0.4864864864864865,0.6212121212121212,0.6622643437783977,,,
scenario10_original_ct_only,10,116,SVM (RBF),157,43,target_plus_cohort,0.6511627906976745,0.75,0.42857142857142855,0.5454545454545454,0.7575757575757576,0.7553281087887265,,,
scenario10_original_ct_only,10,117,Logistic Regression,156,44,target_plus_cohort,0.75,0.8235294117647058,0.6363636363636364,0.717948717948718,0.8801652892561984,0.8630731908817328,,,
scenario10_original_ct_only,10,117,Random Forest,156,44,target_plus_cohort,0.6818181818181818,0.75,0.5454545454545454,0.631578947368421,0.6838842975206612,0.6936869495959073,,,
scenario10_original_ct_only,10,117,Gradient Boosting,156,44,target_plus_cohort,0.6590909090909091,0.7692307692307693,0.45454545454545453,0.5714285714285714,0.6859504132231404,0.7132818119208538,,,
scenario10_original_ct_only,10,117,SVM (RBF),156,44,target_plus_cohort,0.7045454545454546,0.8,0.5454545454545454,0.6486486486486487,0.6301652892561983,0.6229491756499939,,,
scenario10_original_ct_only,10,118,Logistic Regression,160,40,target_plus_cohort,0.6,0.5652173913043478,0.6842105263157895,0.6190476190476191,0.5789473684210527,0.4916684270197529,,,
scenario10_original_ct_only,10,118,Random Forest,160,40,target_plus_cohort,0.425,0.375,0.3157894736842105,0.34285714285714286,0.5037593984962406,0.45214815627113625,,,
scenario10_original_ct_only,10,118,Gradient Boosting,160,40,target_plus_cohort,0.5,0.47058823529411764,0.42105263157894735,0.4444444444444444,0.5062656641604011,0.4731316857385577,,,
scenario10_original_ct_only,10,118,SVM (RBF),160,40,target_plus_cohort,0.575,0.5555555555555556,0.5263157894736842,0.5405405405405406,0.5852130325814536,0.5773342186762005,,,
scenario10_original_ct_only,10,119,Logistic Regression,158,42,target_plus_cohort,0.6190476190476191,0.5833333333333334,0.7,0.6363636363636364,0.6500000000000001,0.6384589569399737,,,
scenario10_original_ct_only,10,119,Random Forest,158,42,target_plus_cohort,0.5952380952380952,0.5789473684210527,0.55,0.5641025641025641,0.6181818181818182,0.6301322836022365,,,
scenario10_original_ct_only,10,119,Gradient Boosting,158,42,target_plus_cohort,0.5238095238095238,0.5,0.4,0.4444444444444444,0.5681818181818181,0.6106210626854596,,,
scenario10_original_ct_only,10,119,SVM (RBF),158,42,target_plus_cohort,0.5714285714285714,0.55,0.55,0.55,0.5931818181818181,0.6856102420351915,,,
scenario10_original_ct_only,10,120,Logistic Regression,160,40,target_plus_cohort,0.575,0.5625,0.47368421052631576,0.5142857142857142,0.6115288220551378,0.5799865417730151,,,
scenario10_original_ct_only,10,120,Random Forest,160,40,target_plus_cohort,0.55,0.5384615384615384,0.3684210526315789,0.4375,0.6190476190476191,0.5863126724478134,,,
scenario10_original_ct_only,10,120,Gradient Boosting,160,40,target_plus_cohort,0.65,0.7777777777777778,0.3684210526315789,0.5,0.6741854636591479,0.6272719752173764,,,
scenario10_original_ct_only,10,120,SVM (RBF),160,40,target_plus_cohort,0.55,0.5333333333333333,0.42105263157894735,0.47058823529411764,0.6015037593984962,0.6056630771863927,,,
scenario10_original_ct_only,10,121,Logistic Regression,158,42,target_plus_cohort,0.5476190476190477,0.5555555555555556,0.47619047619047616,0.5128205128205128,0.6077097505668935,0.5692013535326914,,,
scenario10_original_ct_only,10,121,Random Forest,158,42,target_plus_cohort,0.5238095238095238,0.5333333333333333,0.38095238095238093,0.4444444444444444,0.528344671201814,0.5062461640550164,,,
scenario10_original_ct_only,10,121,Gradient Boosting,158,42,target_plus_cohort,0.5714285714285714,0.6,0.42857142857142855,0.5,0.546485260770975,0.5813366079864573,,,
scenario10_original_ct_only,10,121,SVM (RBF),158,42,target_plus_cohort,0.5238095238095238,0.5384615384615384,0.3333333333333333,0.4117647058823529,0.6190476190476191,0.6780578280467711,,,
scenario10_original_ct_only,10,122,Logistic Regression,157,43,target_plus_cohort,0.5348837209302325,0.5,0.6,0.5454545454545454,0.6543478260869565,0.6555487163617142,,,
scenario10_original_ct_only,10,122,Random Forest,157,43,target_plus_cohort,0.5813953488372093,0.55,0.55,0.55,0.691304347826087,0.6218212561871818,,,
scenario10_original_ct_only,10,122,Gradient Boosting,157,43,target_plus_cohort,0.6046511627906976,0.5882352941176471,0.5,0.5405405405405406,0.6130434782608696,0.5859346580424614,,,
scenario10_original_ct_only,10,122,SVM (RBF),157,43,target_plus_cohort,0.5813953488372093,0.5555555555555556,0.5,0.5263157894736842,0.7065217391304348,0.7074342226815054,,,
scenario10_original_ct_only,10,123,Logistic Regression,162,38,target_plus_cohort,0.5,0.5454545454545454,0.3,0.3870967741935484,0.37777777777777777,0.4737650966557063,,,
scenario10_original_ct_only,10,123,Random Forest,162,38,target_plus_cohort,0.42105263157894735,0.4375,0.35,0.3888888888888889,0.45555555555555555,0.5624738189731735,,,
scenario10_original_ct_only,10,123,Gradient Boosting,162,38,target_plus_cohort,0.4473684210526316,0.4666666666666667,0.35,0.4,0.44166666666666665,0.5943666407327898,,,
scenario10_original_ct_only,10,123,SVM (RBF),162,38,target_plus_cohort,0.4473684210526316,0.47619047619047616,0.5,0.4878048780487805,0.4805555555555555,0.5583313718286544,,,
scenario10_original_ct_only,10,124,Logistic Regression,160,40,target_plus_cohort,0.6,0.6,0.6,0.6,0.5599999999999999,0.5514822704327096,,,
scenario10_original_ct_only,10,124,Random Forest,160,40,target_plus_cohort,0.525,0.5333333333333333,0.4,0.45714285714285713,0.6125,0.6342773471714516,,,
scenario10_original_ct_only,10,124,Gradient Boosting,160,40,target_plus_cohort,0.6,0.6111111111111112,0.55,0.5789473684210527,0.6425000000000001,0.7005785293768287,,,
scenario10_original_ct_only,10,124,SVM (RBF),160,40,target_plus_cohort,0.575,0.5882352941176471,0.5,0.5405405405405406,0.595,0.5906628121966225,,,
scenario10_original_ct_only,10,125,Logistic Regression,157,43,target_plus_cohort,0.5581395348837209,0.52,0.65,0.5777777777777777,0.567391304347826,0.4972460899610058,,,
scenario10_original_ct_only,10,125,Random Forest,157,43,target_plus_cohort,0.6744186046511628,0.6363636363636364,0.7,0.6666666666666666,0.6934782608695652,0.6975715086249705,,,
scenario10_original_ct_only,10,125,Gradient Boosting,157,43,target_plus_cohort,0.813953488372093,0.7727272727272727,0.85,0.8095238095238095,0.8500000000000001,0.8635591314053144,,,
scenario10_original_ct_only,10,125,SVM (RBF),157,43,target_plus_cohort,0.6046511627906976,0.5483870967741935,0.85,0.6666666666666666,0.5880434782608697,0.5572305431824802,,,
scenario10_original_ct_only,10,126,Logistic Regression,158,42,target_plus_cohort,0.40476190476190477,0.36363636363636365,0.42105263157894735,0.3902439024390244,0.32951945080091527,0.35849879308702093,,,
scenario10_original_ct_only,10,126,Random Forest,158,42,target_plus_cohort,0.3333333333333333,0.2631578947368421,0.2631578947368421,0.2631578947368421,0.3707093821510298,0.37761357452439315,,,
scenario10_original_ct_only,10,126,Gradient Boosting,158,42,target_plus_cohort,0.30952380952380953,0.25,0.2631578947368421,0.2564102564102564,0.35926773455377575,0.4447060779119116,,,
scenario10_original_ct_only,10,126,SVM (RBF),158,42,target_plus_cohort,0.42857142857142855,0.35294117647058826,0.3157894736842105,0.3333333333333333,0.3935926773455377,0.44588703625434056,,,
scenario10_original_ct_only,10,127,Logistic Regression,159,41,target_plus_cohort,0.6341463414634146,0.65,0.6190476190476191,0.6341463414634146,0.6166666666666666,0.5682005599748486,,,
scenario10_original_ct_only,10,127,Random Forest,159,41,target_plus_cohort,0.4878048780487805,0.5,0.2857142857142857,0.36363636363636365,0.5214285714285714,0.550239986983696,,,
scenario10_original_ct_only,10,127,Gradient Boosting,159,41,target_plus_cohort,0.4878048780487805,0.5,0.2857142857142857,0.36363636363636365,0.5214285714285715,0.5945099508474339,,,
scenario10_original_ct_only,10,127,SVM (RBF),159,41,target_plus_cohort,0.5609756097560976,0.5882352941176471,0.47619047619047616,0.5263157894736842,0.5916666666666668,0.6571011269884994,,,
scenario10_original_ct_only,10,128,Logistic Regression,158,42,target_plus_cohort,0.5952380952380952,0.6,0.5714285714285714,0.5853658536585366,0.5691609977324263,0.538146715520891,,,
scenario10_original_ct_only,10,128,Random Forest,158,42,target_plus_cohort,0.5,0.5,0.42857142857142855,0.46153846153846156,0.4625850340136054,0.47266796128233257,,,
scenario10_original_ct_only,10,128,Gradient Boosting,158,42,target_plus_cohort,0.42857142857142855,0.42105263157894735,0.38095238095238093,0.4,0.4444444444444444,0.5470223368514533,,,
scenario10_original_ct_only,10,128,SVM (RBF),158,42,target_plus_cohort,0.47619047619047616,0.47058823529411764,0.38095238095238093,0.42105263157894735,0.5238095238095238,0.5165362167652041,,,
scenario10_original_ct_only,10,129,Logistic Regression,158,42,target_plus_cohort,0.47619047619047616,0.4583333333333333,0.55,0.5,0.44772727272727275,0.4961552024857062,,,
scenario10_original_ct_only,10,129,Random Forest,158,42,target_plus_cohort,0.5238095238095238,0.5,0.5,0.5,0.575,0.5600861367560539,,,
scenario10_original_ct_only,10,129,Gradient Boosting,158,42,target_plus_cohort,0.5238095238095238,0.5,0.35,0.4117647058823529,0.6022727272727273,0.6412223561528169,,,
scenario10_original_ct_only,10,129,SVM (RBF),158,42,target_plus_cohort,0.5,0.48148148148148145,0.65,0.5531914893617021,0.44772727272727275,0.4529131631667416,,,
scenario6_original_ct_plus_demo,6,100,Logistic Regression,158,42,target_plus_cohort,0.9285714285714286,1.0,0.85,0.918918918918919,0.9954545454545454,0.9954545454545456,,,
scenario6_original_ct_plus_demo,6,100,Random Forest,158,42,target_plus_cohort,0.8809523809523809,1.0,0.75,0.8571428571428571,0.9681818181818183,0.9735754985754986,,,
scenario6_original_ct_plus_demo,6,100,Gradient Boosting,158,42,target_plus_cohort,0.7857142857142857,1.0,0.55,0.7096774193548387,0.9863636363636363,0.9884615384615385,,,
scenario6_original_ct_plus_demo,6,100,SVM (RBF),158,42,target_plus_cohort,0.8571428571428571,0.9375,0.75,0.8333333333333334,0.9795454545454545,0.9791494668042657,,,
scenario6_original_ct_plus_demo,6,101,Logistic Regression,155,45,target_plus_cohort,0.9111111111111111,0.95,0.8636363636363636,0.9047619047619048,0.9268774703557312,0.929479300642754,,,
scenario6_original_ct_plus_demo,6,101,Random Forest,155,45,target_plus_cohort,0.8444444444444444,0.8571428571428571,0.8181818181818182,0.8372093023255814,0.8656126482213439,0.8738713048048468,,,
scenario6_original_ct_plus_demo,6,101,Gradient Boosting,155,45,target_plus_cohort,0.7777777777777778,0.8333333333333334,0.6818181818181818,0.75,0.8596837944664033,0.8713866278509845,,,
scenario6_original_ct_plus_demo,6,101,SVM (RBF),155,45,target_plus_cohort,0.8222222222222222,0.85,0.7727272727272727,0.8095238095238095,0.8675889328063241,0.8892923087333198,,,
scenario6_original_ct_plus_demo,6,102,Logistic Regression,161,39,target_plus_cohort,0.7948717948717948,0.8235294117647058,0.7368421052631579,0.7777777777777778,0.8789473684210526,0.901624691098375,,,
scenario6_original_ct_plus_demo,6,102,Random Forest,161,39,target_plus_cohort,0.8205128205128205,1.0,0.631578947368421,0.7741935483870968,0.7552631578947369,0.8379210690179815,,,
scenario6_original_ct_plus_demo,6,102,Gradient Boosting,161,39,target_plus_cohort,0.7948717948717948,0.9230769230769231,0.631578947368421,0.75,0.731578947368421,0.8184503172661064,,,
scenario6_original_ct_plus_demo,6,102,SVM (RBF),161,39,target_plus_cohort,0.7692307692307693,0.9166666666666666,0.5789473684210527,0.7096774193548387,0.8157894736842104,0.8696453849606471,,,
scenario6_original_ct_plus_demo,6,103,Logistic Regression,158,42,target_plus_cohort,0.7857142857142857,0.7391304347826086,0.85,0.7906976744186046,0.8818181818181818,0.857191939811135,,,
scenario6_original_ct_plus_demo,6,103,Random Forest,158,42,target_plus_cohort,0.7619047619047619,0.7083333333333334,0.85,0.7727272727272727,0.8340909090909091,0.725288519523077,,,
scenario6_original_ct_plus_demo,6,103,Gradient Boosting,158,42,target_plus_cohort,0.8571428571428571,0.8181818181818182,0.9,0.8571428571428571,0.8749999999999999,0.7629869770465746,,,
scenario6_original_ct_plus_demo,6,103,SVM (RBF),158,42,target_plus_cohort,0.8333333333333334,0.76,0.95,0.8444444444444444,0.8022727272727274,0.7462626539740553,,,
scenario6_original_ct_plus_demo,6,104,Logistic Regression,158,42,target_plus_cohort,0.8809523809523809,0.8947368421052632,0.85,0.8717948717948718,0.9409090909090909,0.9289641017736994,,,
scenario6_original_ct_plus_demo,6,104,Random Forest,158,42,target_plus_cohort,0.7857142857142857,0.8235294117647058,0.7,0.7567567567567568,0.875,0.8574567908787217,,,
scenario6_original_ct_plus_demo,6,104,Gradient Boosting,158,42,target_plus_cohort,0.7857142857142857,0.7619047619047619,0.8,0.7804878048780488,0.8545454545454545,0.8167500146911912,,,
scenario6_original_ct_plus_demo,6,104,SVM (RBF),158,42,target_plus_cohort,0.8809523809523809,0.9411764705882353,0.8,0.8648648648648649,0.9136363636363636,0.8865069896106423,,,
scenario6_original_ct_plus_demo,6,105,Logistic Regression,159,41,target_plus_cohort,0.8780487804878049,0.8636363636363636,0.9047619047619048,0.8837209302325582,0.9738095238095238,0.9781378042247608,,,
scenario6_original_ct_plus_demo,6,105,Random Forest,159,41,target_plus_cohort,0.8780487804878049,1.0,0.7619047619047619,0.8648648648648649,0.9714285714285713,0.9784289784289784,,,
scenario6_original_ct_plus_demo,6,105,Gradient Boosting,159,41,target_plus_cohort,0.7804878048780488,0.875,0.6666666666666666,0.7567567567567568,0.9119047619047619,0.9160498757141227,,,
scenario6_original_ct_plus_demo,6,105,SVM (RBF),159,41,target_plus_cohort,0.8780487804878049,0.9444444444444444,0.8095238095238095,0.8717948717948718,0.9714285714285714,0.974570931713789,,,
scenario6_original_ct_plus_demo,6,106,Logistic Regression,159,41,target_plus_cohort,0.7560975609756098,0.8125,0.65,0.7222222222222222,0.8214285714285715,0.8421052056893019,,,
scenario6_original_ct_plus_demo,6,106,Random Forest,159,41,target_plus_cohort,0.6829268292682927,0.7058823529411765,0.6,0.6486486486486487,0.7428571428571429,0.6723160676791324,,,
scenario6_original_ct_plus_demo,6,106,Gradient Boosting,159,41,target_plus_cohort,0.6585365853658537,0.6363636363636364,0.7,0.6666666666666666,0.680952380952381,0.6898736320276027,,,
scenario6_original_ct_plus_demo,6,106,SVM (RBF),159,41,target_plus_cohort,0.7560975609756098,0.7777777777777778,0.7,0.7368421052631579,0.7738095238095238,0.7623658062970218,,,
scenario6_original_ct_plus_demo,6,107,Logistic Regression,159,41,target_plus_cohort,0.7073170731707317,0.6521739130434783,0.7894736842105263,0.7142857142857143,0.8133971291866029,0.7158557843057993,,,
scenario6_original_ct_plus_demo,6,107,Random Forest,159,41,target_plus_cohort,0.8048780487804879,0.7619047619047619,0.8421052631578947,0.8,0.8110047846889952,0.7290497540787164,,,
scenario6_original_ct_plus_demo,6,107,Gradient Boosting,159,41,target_plus_cohort,0.6829268292682927,0.625,0.7894736842105263,0.6976744186046512,0.8181818181818182,0.7920057244262502,,,
scenario6_original_ct_plus_demo,6,107,SVM (RBF),159,41,target_plus_cohort,0.8048780487804879,0.7619047619047619,0.8421052631578947,0.8,0.8827751196172249,0.8547233814200572,,,
scenario6_original_ct_plus_demo,6,108,Logistic Regression,159,41,target_plus_cohort,0.8292682926829268,0.782608695652174,0.9,0.8372093023255814,0.9095238095238096,0.9072648891082395,,,
scenario6_original_ct_plus_demo,6,108,Random Forest,159,41,target_plus_cohort,0.7317073170731707,0.7368421052631579,0.7,0.717948717948718,0.8119047619047619,0.7121038351959958,,,
scenario6_original_ct_plus_demo,6,108,Gradient Boosting,159,41,target_plus_cohort,0.8292682926829268,0.782608695652174,0.9,0.8372093023255814,0.8904761904761904,0.8660720079153583,,,
scenario6_original_ct_plus_demo,6,108,SVM (RBF),159,41,target_plus_cohort,0.7560975609756098,0.75,0.75,0.75,0.8095238095238095,0.7568767656635305,,,
scenario6_original_ct_plus_demo,6,109,Logistic Regression,159,41,target_plus_cohort,0.8536585365853658,0.8947368421052632,0.8095238095238095,0.85,0.9238095238095239,0.9186298577335119,,,
scenario6_original_ct_plus_demo,6,109,Random Forest,159,41,target_plus_cohort,0.8780487804878049,0.9444444444444444,0.8095238095238095,0.8717948717948718,0.8738095238095238,0.8606163392131227,,,
scenario6_original_ct_plus_demo,6,109,Gradient Boosting,159,41,target_plus_cohort,0.8292682926829268,0.7916666666666666,0.9047619047619048,0.8444444444444444,0.8904761904761904,0.8731712396548046,,,
scenario6_original_ct_plus_demo,6,109,SVM (RBF),159,41,target_plus_cohort,0.8048780487804879,0.8421052631578947,0.7619047619047619,0.8,0.8666666666666667,0.9047812383438569,,,
scenario6_original_ct_plus_demo,6,110,Logistic Regression,161,39,target_plus_cohort,0.8717948717948718,0.85,0.8947368421052632,0.8717948717948718,0.9315789473684211,0.9450129625683639,,,
scenario6_original_ct_plus_demo,6,110,Random Forest,161,39,target_plus_cohort,0.717948717948718,0.7857142857142857,0.5789473684210527,0.6666666666666666,0.8473684210526315,0.8721020738628154,,,
scenario6_original_ct_plus_demo,6,110,Gradient Boosting,161,39,target_plus_cohort,0.7948717948717948,0.7391304347826086,0.8947368421052632,0.8095238095238095,0.9,0.8911625955743601,,,
scenario6_original_ct_plus_demo,6,110,SVM (RBF),161,39,target_plus_cohort,0.8205128205128205,0.9285714285714286,0.6842105263157895,0.7878787878787878,0.8657894736842104,0.9034686887519519,,,
scenario6_original_ct_plus_demo,6,111,Logistic Regression,158,42,target_plus_cohort,0.7857142857142857,0.7272727272727273,0.8421052631578947,0.7804878048780488,0.874141876430206,0.858322677276407,,,
scenario6_original_ct_plus_demo,6,111,Random Forest,158,42,target_plus_cohort,0.7380952380952381,0.75,0.631578947368421,0.6857142857142857,0.7437070938215103,0.6885977727234094,,,
scenario6_original_ct_plus_demo,6,111,Gradient Boosting,158,42,target_plus_cohort,0.7619047619047619,0.7142857142857143,0.7894736842105263,0.75,0.8489702517162472,0.8695103942822697,,,
scenario6_original_ct_plus_demo,6,111,SVM (RBF),158,42,target_plus_cohort,0.8333333333333334,0.8,0.8421052631578947,0.8205128205128205,0.8478260869565217,0.8670047374514134,,,
scenario6_original_ct_plus_demo,6,112,Logistic Regression,159,41,target_plus_cohort,0.8536585365853658,0.9375,0.75,0.8333333333333334,0.8952380952380953,0.9095741521910627,,,
scenario6_original_ct_plus_demo,6,112,Random Forest,159,41,target_plus_cohort,0.8536585365853658,0.9375,0.75,0.8333333333333334,0.8309523809523809,0.8173655773655775,,,
scenario6_original_ct_plus_demo,6,112,Gradient Boosting,159,41,target_plus_cohort,0.7560975609756098,0.7777777777777778,0.7,0.7368421052631579,0.8119047619047619,0.8335112831340279,,,
scenario6_original_ct_plus_demo,6,112,SVM (RBF),159,41,target_plus_cohort,0.8292682926829268,0.8823529411764706,0.75,0.8108108108108109,0.8714285714285714,0.8709776020118513,,,
scenario6_original_ct_plus_demo,6,113,Logistic Regression,159,41,target_plus_cohort,0.8292682926829268,0.8333333333333334,0.7894736842105263,0.8108108108108109,0.8803827751196172,0.9195649943572382,,,
scenario6_original_ct_plus_demo,6,113,Random Forest,159,41,target_plus_cohort,0.8292682926829268,0.875,0.7368421052631579,0.8,0.8827751196172249,0.9116486068111456,,,
scenario6_original_ct_plus_demo,6,113,Gradient Boosting,159,41,target_plus_cohort,0.7804878048780488,0.75,0.7894736842105263,0.7692307692307693,0.8229665071770335,0.8105558833574398,,,
scenario6_original_ct_plus_demo,6,113,SVM (RBF),159,41,target_plus_cohort,0.7804878048780488,0.75,0.7894736842105263,0.7692307692307693,0.799043062200957,0.8181211575948417,,,
scenario6_original_ct_plus_demo,6,114,Logistic Regression,158,42,target_plus_cohort,0.7619047619047619,0.7142857142857143,0.7894736842105263,0.75,0.8741418764302059,0.8699387809010244,,,
scenario6_original_ct_plus_demo,6,114,Random Forest,158,42,target_plus_cohort,0.8095238095238095,0.7894736842105263,0.7894736842105263,0.7894736842105263,0.7757437070938216,0.698050285725984,,,
scenario6_original_ct_plus_demo,6,114,Gradient Boosting,158,42,target_plus_cohort,0.8333333333333334,0.8333333333333334,0.7894736842105263,0.8108108108108109,0.7963386727688788,0.783493247298491,,,
scenario6_original_ct_plus_demo,6,114,SVM (RBF),158,42,target_plus_cohort,0.8095238095238095,0.7619047619047619,0.8421052631578947,0.8,0.8329519450800915,0.8628818515041425,,,
scenario6_original_ct_plus_demo,6,115,Logistic Regression,159,41,target_plus_cohort,0.7317073170731707,0.6956521739130435,0.8,0.7441860465116279,0.7952380952380953,0.7924451405251689,,,
scenario6_original_ct_plus_demo,6,115,Random Forest,159,41,target_plus_cohort,0.6585365853658537,0.6875,0.55,0.6111111111111112,0.6928571428571428,0.7174545994940732,,,
scenario6_original_ct_plus_demo,6,115,Gradient Boosting,159,41,target_plus_cohort,0.7073170731707317,0.6666666666666666,0.8,0.7272727272727273,0.7095238095238096,0.6949060943223295,,,
scenario6_original_ct_plus_demo,6,115,SVM (RBF),159,41,target_plus_cohort,0.6829268292682927,0.64,0.8,0.7111111111111111,0.7166666666666666,0.7527670586848173,,,
scenario6_original_ct_plus_demo,6,116,Logistic Regression,157,43,target_plus_cohort,0.9302325581395349,0.875,1.0,0.9333333333333333,0.9307359307359307,0.9147482323488998,,,
scenario6_original_ct_plus_demo,6,116,Random Forest,157,43,target_plus_cohort,0.9069767441860465,0.9047619047619048,0.9047619047619048,0.9047619047619048,0.9285714285714286,0.8740797660412876,,,
scenario6_original_ct_plus_demo,6,116,Gradient Boosting,157,43,target_plus_cohort,0.7906976744186046,0.7727272727272727,0.8095238095238095,0.7906976744186046,0.8636363636363636,0.8194426492823348,,,
scenario6_original_ct_plus_demo,6,116,SVM (RBF),157,43,target_plus_cohort,0.9534883720930233,0.9523809523809523,0.9523809523809523,0.9523809523809523,0.9567099567099567,0.9196654585033621,,,
scenario6_original_ct_plus_demo,6,117,Logistic Regression,156,44,target_plus_cohort,0.8409090909090909,0.9411764705882353,0.7272727272727273,0.8205128205128205,0.8264462809917356,0.8864695636232649,,,
scenario6_original_ct_plus_demo,6,117,Random Forest,156,44,target_plus_cohort,0.8409090909090909,0.9411764705882353,0.7272727272727273,0.8205128205128205,0.8140495867768595,0.8809602536177581,,,
scenario6_original_ct_plus_demo,6,117,Gradient Boosting,156,44,target_plus_cohort,0.7954545454545454,0.9333333333333333,0.6363636363636364,0.7567567567567568,0.8181818181818182,0.8335293213921493,,,
scenario6_original_ct_plus_demo,6,117,SVM (RBF),156,44,target_plus_cohort,0.7954545454545454,0.8421052631578947,0.7272727272727273,0.7804878048780488,0.7789256198347108,0.8358787975650239,,,
scenario6_original_ct_plus_demo,6,118,Logistic Regression,160,40,target_plus_cohort,0.85,0.76,1.0,0.8636363636363636,0.9824561403508772,0.9807434578800882,,,
scenario6_original_ct_plus_demo,6,118,Random Forest,160,40,target_plus_cohort,0.9,0.8260869565217391,1.0,0.9047619047619048,0.9573934837092731,0.9071365092731396,,,
scenario6_original_ct_plus_demo,6,118,Gradient Boosting,160,40,target_plus_cohort,0.925,0.8636363636363636,1.0,0.926829268292683,0.9423558897243108,0.9226158453101585,,,
scenario6_original_ct_plus_demo,6,118,SVM (RBF),160,40,target_plus_cohort,0.925,0.8636363636363636,1.0,0.926829268292683,0.9674185463659147,0.9471114466164979,,,
scenario6_original_ct_plus_demo,6,119,Logistic Regression,158,42,target_plus_cohort,0.8095238095238095,0.7307692307692307,0.95,0.8260869565217391,0.8954545454545455,0.8087513534348573,,,
scenario6_original_ct_plus_demo,6,119,Random Forest,158,42,target_plus_cohort,0.8571428571428571,0.7916666666666666,0.95,0.8636363636363636,0.8818181818181818,0.8462650185676501,,,
scenario6_original_ct_plus_demo,6,119,Gradient Boosting,158,42,target_plus_cohort,0.7857142857142857,0.6896551724137931,1.0,0.8163265306122449,0.9,0.8972576872445295,,,
scenario6_original_ct_plus_demo,6,119,SVM (RBF),158,42,target_plus_cohort,0.9047619047619048,0.8636363636363636,0.95,0.9047619047619048,0.9295454545454546,0.9260716637593573,,,
scenario6_original_ct_plus_demo,6,120,Logistic Regression,160,40,target_plus_cohort,0.85,0.9333333333333333,0.7368421052631579,0.8235294117647058,0.9548872180451129,0.958391879018814,,,
scenario6_original_ct_plus_demo,6,120,Random Forest,160,40,target_plus_cohort,0.775,0.9166666666666666,0.5789473684210527,0.7096774193548387,0.849624060150376,0.874146668193782,,,
scenario6_original_ct_plus_demo,6,120,Gradient Boosting,160,40,target_plus_cohort,0.825,0.9285714285714286,0.6842105263157895,0.7878787878787878,0.8621553884711779,0.9092596000490738,,,
scenario6_original_ct_plus_demo,6,120,SVM (RBF),160,40,target_plus_cohort,0.775,0.9166666666666666,0.5789473684210527,0.7096774193548387,0.87468671679198,0.8949998915516156,,,
scenario6_original_ct_plus_demo,6,121,Logistic Regression,158,42,target_plus_cohort,0.8095238095238095,0.8095238095238095,0.8095238095238095,0.8095238095238095,0.8843537414965986,0.8623567222251434,,,
scenario6_original_ct_plus_demo,6,121,Random Forest,158,42,target_plus_cohort,0.6904761904761905,0.75,0.5714285714285714,0.6486486486486487,0.7936507936507937,0.8350579976332213,,,
scenario6_original_ct_plus_demo,6,121,Gradient Boosting,158,42,target_plus_cohort,0.6904761904761905,0.75,0.5714285714285714,0.6486486486486487,0.8049886621315192,0.8294023240083879,,,
scenario6_original_ct_plus_demo,6,121,SVM (RBF),158,42,target_plus_cohort,0.7619047619047619,0.8666666666666667,0.6190476190476191,0.7222222222222222,0.8548752834467119,0.8336651001313617,,,
scenario6_original_ct_plus_demo,6,122,Logistic Regression,157,43,target_plus_cohort,0.8604651162790697,0.8181818181818182,0.9,0.8571428571428571,0.9456521739130435,0.938306797131168,,,
scenario6_original_ct_plus_demo,6,122,Random Forest,157,43,target_plus_cohort,0.9534883720930233,0.95,0.95,0.95,0.9891304347826088,0.9867685144233134,,,
scenario6_original_ct_plus_demo,6,122,Gradient Boosting,157,43,target_plus_cohort,0.7906976744186046,0.72,0.9,0.8,0.8760869565217393,0.8351859005952007,,,
scenario6_original_ct_plus_demo,6,122,SVM (RBF),157,43,target_plus_cohort,0.9069767441860465,0.8636363636363636,0.95,0.9047619047619048,0.9739130434782608,0.9690536884090022,,,
scenario6_original_ct_plus_demo,6,123,Logistic Regression,162,38,target_plus_cohort,0.7368421052631579,0.7272727272727273,0.8,0.7619047619047619,0.8333333333333334,0.8629418022852622,,,
scenario6_original_ct_plus_demo,6,123,Random Forest,162,38,target_plus_cohort,0.7368421052631579,0.9166666666666666,0.55,0.6875,0.8194444444444445,0.8643200258093273,,,
scenario6_original_ct_plus_demo,6,123,Gradient Boosting,162,38,target_plus_cohort,0.868421052631579,0.9411764705882353,0.8,0.8648648648648649,0.8416666666666667,0.8840965391662656,,,
scenario6_original_ct_plus_demo,6,123,SVM (RBF),162,38,target_plus_cohort,0.6842105263157895,0.75,0.6,0.6666666666666666,0.7805555555555557,0.816610454598949,,,
scenario6_original_ct_plus_demo,6,124,Logistic Regression,160,40,target_plus_cohort,0.775,0.7037037037037037,0.95,0.8085106382978723,0.9125,0.9186378178793881,,,
scenario6_original_ct_plus_demo,6,124,Random Forest,160,40,target_plus_cohort,0.85,0.8181818181818182,0.9,0.8571428571428571,0.835,0.8139624048533389,,,
scenario6_original_ct_plus_demo,6,124,Gradient Boosting,160,40,target_plus_cohort,0.825,0.76,0.95,0.8444444444444444,0.9275,0.9318046962908317,,,
scenario6_original_ct_plus_demo,6,124,SVM (RBF),160,40,target_plus_cohort,0.85,0.7692307692307693,1.0,0.8695652173913043,0.8825,0.88123054613235,,,
scenario6_original_ct_plus_demo,6,125,Logistic Regression,157,43,target_plus_cohort,0.813953488372093,0.8333333333333334,0.75,0.7894736842105263,0.8652173913043479,0.9024035483252015,,,
scenario6_original_ct_plus_demo,6,125,Random Forest,157,43,target_plus_cohort,0.813953488372093,0.875,0.7,0.7777777777777778,0.8217391304347827,0.8829487654021371,,,
scenario6_original_ct_plus_demo,6,125,Gradient Boosting,157,43,target_plus_cohort,0.7674418604651163,0.8571428571428571,0.6,0.7058823529411765,0.7934782608695653,0.8520444640289033,,,
scenario6_original_ct_plus_demo,6,125,SVM (RBF),157,43,target_plus_cohort,0.7906976744186046,0.8666666666666667,0.65,0.7428571428571429,0.8304347826086956,0.8601416256157637,,,
scenario6_original_ct_plus_demo,6,126,Logistic Regression,158,42,target_plus_cohort,0.7619047619047619,0.8,0.631578947368421,0.7058823529411765,0.8421052631578947,0.7555179263460998,,,
scenario6_original_ct_plus_demo,6,126,Random Forest,158,42,target_plus_cohort,0.5238095238095238,0.46153846153846156,0.3157894736842105,0.375,0.6178489702517163,0.6199000998435131,,,
scenario6_original_ct_plus_demo,6,126,Gradient Boosting,158,42,target_plus_cohort,0.6666666666666666,0.6666666666666666,0.5263157894736842,0.5882352941176471,0.7459954233409611,0.6976551544501217,,,
scenario6_original_ct_plus_demo,6,126,SVM (RBF),158,42,target_plus_cohort,0.5714285714285714,0.5454545454545454,0.3157894736842105,0.4,0.6453089244851259,0.583199417469821,,,
scenario6_original_ct_plus_demo,6,127,Logistic Regression,159,41,target_plus_cohort,0.8536585365853658,1.0,0.7142857142857143,0.8333333333333334,0.9047619047619047,0.9317516330139481,,,
scenario6_original_ct_plus_demo,6,127,Random Forest,159,41,target_plus_cohort,0.7560975609756098,0.8235294117647058,0.6666666666666666,0.7368421052631579,0.7666666666666667,0.8598786382143628,,,
scenario6_original_ct_plus_demo,6,127,Gradient Boosting,159,41,target_plus_cohort,0.8292682926829268,1.0,0.6666666666666666,0.8,0.8095238095238093,0.8929843482108291,,,
scenario6_original_ct_plus_demo,6,127,SVM (RBF),159,41,target_plus_cohort,0.8048780487804879,1.0,0.6190476190476191,0.7647058823529411,0.8,0.8733879198959134,,,
scenario6_original_ct_plus_demo,6,128,Logistic Regression,158,42,target_plus_cohort,0.7857142857142857,0.7307692307692307,0.9047619047619048,0.8085106382978723,0.8140589569160996,0.8035286565323858,,,
scenario6_original_ct_plus_demo,6,128,Random Forest,158,42,target_plus_cohort,0.6666666666666666,0.6521739130434783,0.7142857142857143,0.6818181818181818,0.7573696145124715,0.6800872508755426,,,
scenario6_original_ct_plus_demo,6,128,Gradient Boosting,158,42,target_plus_cohort,0.6904761904761905,0.6818181818181818,0.7142857142857143,0.6976744186046512,0.8208616780045351,0.8066139782378485,,,
scenario6_original_ct_plus_demo,6,128,SVM (RBF),158,42,target_plus_cohort,0.7142857142857143,0.6956521739130435,0.7619047619047619,0.7272727272727273,0.780045351473923,0.788015867247402,,,
scenario6_original_ct_plus_demo,6,129,Logistic Regression,158,42,target_plus_cohort,0.7142857142857143,0.7,0.7,0.7,0.85,0.818446252524914,,,
scenario6_original_ct_plus_demo,6,129,Random Forest,158,42,target_plus_cohort,0.7619047619047619,0.7272727272727273,0.8,0.7619047619047619,0.8636363636363636,0.8837777777777779,,,
scenario6_original_ct_plus_demo,6,129,Gradient Boosting,158,42,target_plus_cohort,0.7142857142857143,0.6818181818181818,0.75,0.7142857142857143,0.825,0.8596856329391827,,,
scenario6_original_ct_plus_demo,6,129,SVM (RBF),158,42,target_plus_cohort,0.7142857142857143,0.6818181818181818,0.75,0.7142857142857143,0.8068181818181819,0.7570014846136954,,,
scenario11_original_demo_only,11,100,Logistic Regression,158,42,target_plus_cohort,0.8571428571428571,1.0,0.7,0.8235294117647058,1.0,1.0,,,
scenario11_original_demo_only,11,100,Random Forest,158,42,target_plus_cohort,0.9047619047619048,1.0,0.8,0.8888888888888888,0.9818181818181818,0.9809090909090907,,,
scenario11_original_demo_only,11,100,Gradient Boosting,158,42,target_plus_cohort,0.7619047619047619,1.0,0.5,0.6666666666666666,0.9863636363636363,0.985930735930736,,,
scenario11_original_demo_only,11,100,SVM (RBF),158,42,target_plus_cohort,0.7142857142857143,1.0,0.4,0.5714285714285714,0.9590909090909091,0.9629285632381607,,,
scenario11_original_demo_only,11,101,Logistic Regression,155,45,target_plus_cohort,0.8444444444444444,0.9411764705882353,0.7272727272727273,0.8205128205128205,0.932806324110672,0.933917606926332,,,
scenario11_original_demo_only,11,101,Random Forest,155,45,target_plus_cohort,0.8888888888888888,0.9473684210526315,0.8181818181818182,0.8780487804878049,0.8616600790513833,0.8959390124120519,,,
scenario11_original_demo_only,11,101,Gradient Boosting,155,45,target_plus_cohort,0.8,0.8421052631578947,0.7272727272727273,0.7804878048780488,0.8616600790513834,0.8962565447183217,,,
scenario11_original_demo_only,11,101,SVM (RBF),155,45,target_plus_cohort,0.8,0.9333333333333333,0.6363636363636364,0.7567567567567568,0.8893280632411067,0.8987615603286379,,,
scenario11_original_demo_only,11,102,Logistic Regression,161,39,target_plus_cohort,0.7435897435897436,0.7368421052631579,0.7368421052631579,0.7368421052631579,0.8500000000000001,0.883782422563586,,,
scenario11_original_demo_only,11,102,Random Forest,161,39,target_plus_cohort,0.7692307692307693,0.7777777777777778,0.7368421052631579,0.7567567567567568,0.8078947368421052,0.8676685586515308,,,
scenario11_original_demo_only,11,102,Gradient Boosting,161,39,target_plus_cohort,0.7692307692307693,0.7777777777777778,0.7368421052631579,0.7567567567567568,0.8368421052631579,0.848614328469138,,,
scenario11_original_demo_only,11,102,SVM (RBF),161,39,target_plus_cohort,0.8205128205128205,0.875,0.7368421052631579,0.8,0.868421052631579,0.8903285653846131,,,
scenario11_original_demo_only,11,103,Logistic Regression,158,42,target_plus_cohort,0.8571428571428571,0.7692307692307693,1.0,0.8695652173913043,0.8954545454545455,0.8712626262626263,,,
scenario11_original_demo_only,11,103,Random Forest,158,42,target_plus_cohort,0.8571428571428571,0.8181818181818182,0.9,0.8571428571428571,0.8818181818181818,0.821031746031746,,,
scenario11_original_demo_only,11,103,Gradient Boosting,158,42,target_plus_cohort,0.8333333333333334,0.8421052631578947,0.8,0.8205128205128205,0.884090909090909,0.8190331655501933,,,
scenario11_original_demo_only,11,103,SVM (RBF),158,42,target_plus_cohort,0.8095238095238095,0.75,0.9,0.8181818181818182,0.8181818181818181,0.735540660056789,,,
scenario11_original_demo_only,11,104,Logistic Regression,158,42,target_plus_cohort,0.9285714285714286,0.9473684210526315,0.9,0.9230769230769231,0.990909090909091,0.9899749373433583,,,
scenario11_original_demo_only,11,104,Random Forest,158,42,target_plus_cohort,0.9285714285714286,0.9473684210526315,0.9,0.9230769230769231,0.9590909090909091,0.9544955148051123,,,
scenario11_original_demo_only,11,104,Gradient Boosting,158,42,target_plus_cohort,0.8809523809523809,0.9411764705882353,0.8,0.8648648648648649,0.9045454545454547,0.9226158155569919,,,
scenario11_original_demo_only,11,104,SVM (RBF),158,42,target_plus_cohort,0.8333333333333334,0.8421052631578947,0.8,0.8205128205128205,0.9318181818181819,0.9401917211328975,,,
scenario11_original_demo_only,11,105,Logistic Regression,159,41,target_plus_cohort,0.9512195121951219,1.0,0.9047619047619048,0.95,0.9857142857142858,0.988095238095238,,,
scenario11_original_demo_only,11,105,Random Forest,159,41,target_plus_cohort,0.8292682926829268,0.85,0.8095238095238095,0.8292682926829268,0.9547619047619047,0.9573833573833573,,,
scenario11_original_demo_only,11,105,Gradient Boosting,159,41,target_plus_cohort,0.8292682926829268,0.8181818181818182,0.8571428571428571,0.8372093023255814,0.8714285714285714,0.7793298921399223,,,
scenario11_original_demo_only,11,105,SVM (RBF),159,41,target_plus_cohort,0.7317073170731707,0.8125,0.6190476190476191,0.7027027027027027,0.9238095238095239,0.9258408258408258,,,
scenario11_original_demo_only,11,106,Logistic Regression,159,41,target_plus_cohort,0.8048780487804879,0.8,0.8,0.8,0.8571428571428572,0.8776031570768413,,,
scenario11_original_demo_only,11,106,Random Forest,159,41,target_plus_cohort,0.7317073170731707,0.7647058823529411,0.65,0.7027027027027027,0.7404761904761904,0.7430023560668721,,,
scenario11_original_demo_only,11,106,Gradient Boosting,159,41,target_plus_cohort,0.6585365853658537,0.6875,0.55,0.6111111111111112,0.7476190476190476,0.7352724358974358,,,
scenario11_original_demo_only,11,106,SVM (RBF),159,41,target_plus_cohort,0.7560975609756098,0.7777777777777778,0.7,0.7368421052631579,0.8285714285714286,0.8294981407481407,,,
scenario11_original_demo_only,11,107,Logistic Regression,159,41,target_plus_cohort,0.8292682926829268,0.7307692307692307,1.0,0.8444444444444444,0.9019138755980861,0.8723093427040796,,,
scenario11_original_demo_only,11,107,Random Forest,159,41,target_plus_cohort,0.7804878048780488,0.7083333333333334,0.8947368421052632,0.7906976744186046,0.8421052631578947,0.8154643602012024,,,
scenario11_original_demo_only,11,107,Gradient Boosting,159,41,target_plus_cohort,0.7317073170731707,0.6538461538461539,0.8947368421052632,0.7555555555555555,0.8349282296650717,0.8217288371740873,,,
scenario11_original_demo_only,11,107,SVM (RBF),159,41,target_plus_cohort,0.8292682926829268,0.7307692307692307,1.0,0.8444444444444444,0.9066985645933014,0.8936602870813396,,,
scenario11_original_demo_only,11,108,Logistic Regression,159,41,target_plus_cohort,0.926829268292683,0.8695652173913043,1.0,0.9302325581395349,0.9547619047619047,0.9509332285025515,,,
scenario11_original_demo_only,11,108,Random Forest,159,41,target_plus_cohort,0.926829268292683,0.9047619047619048,0.95,0.926829268292683,0.9357142857142857,0.914763662774162,,,
scenario11_original_demo_only,11,108,Gradient Boosting,159,41,target_plus_cohort,0.926829268292683,0.8695652173913043,1.0,0.9302325581395349,0.9452380952380952,0.9409665468017869,,,
scenario11_original_demo_only,11,108,SVM (RBF),159,41,target_plus_cohort,0.7804878048780488,0.7619047619047619,0.8,0.7804878048780488,0.911904761904762,0.9009091191484514,,,
scenario11_original_demo_only,11,109,Logistic Regression,159,41,target_plus_cohort,0.8780487804878049,0.9,0.8571428571428571,0.8780487804878049,0.9285714285714286,0.93541124082996,,,
scenario11_original_demo_only,11,109,Random Forest,159,41,target_plus_cohort,0.8780487804878049,0.9,0.8571428571428571,0.8780487804878049,0.8809523809523809,0.9024815924815924,,,
scenario11_original_demo_only,11,109,Gradient Boosting,159,41,target_plus_cohort,0.7317073170731707,0.7272727272727273,0.7619047619047619,0.7441860465116279,0.8166666666666665,0.8693952074757029,,,
scenario11_original_demo_only,11,109,SVM (RBF),159,41,target_plus_cohort,0.8780487804878049,0.9,0.8571428571428571,0.8780487804878049,0.9047619047619048,0.9233053580879669,,,
scenario11_original_demo_only,11,110,Logistic Regression,161,39,target_plus_cohort,0.8461538461538461,0.8095238095238095,0.8947368421052632,0.85,0.9263157894736842,0.9436522340333592,,,
scenario11_original_demo_only,11,110,Random Forest,161,39,target_plus_cohort,0.8717948717948718,0.85,0.8947368421052632,0.8717948717948718,0.8631578947368421,0.8766317016317017,,,
scenario11_original_demo_only,11,110,Gradient Boosting,161,39,target_plus_cohort,0.7692307692307693,0.75,0.7894736842105263,0.7692307692307693,0.8526315789473684,0.8354664942900236,,,
scenario11_original_demo_only,11,110,SVM (RBF),161,39,target_plus_cohort,0.7948717948717948,0.7391304347826086,0.8947368421052632,0.8095238095238095,0.8394736842105264,0.8686539937381235,,,
scenario11_original_demo_only,11,111,Logistic Regression,158,42,target_plus_cohort,0.8571428571428571,0.8095238095238095,0.8947368421052632,0.85,0.8901601830663616,0.8878825852510063,,,
scenario11_original_demo_only,11,111,Random Forest,158,42,target_plus_cohort,0.8571428571428571,0.8095238095238095,0.8947368421052632,0.85,0.8489702517162472,0.8309106098579784,,,
scenario11_original_demo_only,11,111,Gradient Boosting,158,42,target_plus_cohort,0.8333333333333334,0.8,0.8421052631578947,0.8205128205128205,0.8993135011441649,0.898009140793012,,,
scenario11_original_demo_only,11,111,SVM (RBF),158,42,target_plus_cohort,0.8809523809523809,0.8888888888888888,0.8421052631578947,0.8648648648648649,0.8489702517162471,0.8562238930659982,,,
scenario11_original_demo_only,11,112,Logistic Regression,159,41,target_plus_cohort,0.926829268292683,0.9473684210526315,0.9,0.9230769230769231,0.9071428571428573,0.9271511924607898,,,
scenario11_original_demo_only,11,112,Random Forest,159,41,target_plus_cohort,0.8780487804878049,0.9411764705882353,0.8,0.8648648648648649,0.8738095238095238,0.8942550651962415,,,
scenario11_original_demo_only,11,112,Gradient Boosting,159,41,target_plus_cohort,0.7804878048780488,0.8235294117647058,0.7,0.7567567567567568,0.8761904761904762,0.9041289541986223,,,
scenario11_original_demo_only,11,112,SVM (RBF),159,41,target_plus_cohort,0.8780487804878049,0.9411764705882353,0.8,0.8648648648648649,0.8761904761904762,0.8974534778946545,,,
scenario11_original_demo_only,11,113,Logistic Regression,159,41,target_plus_cohort,0.8780487804878049,0.8888888888888888,0.8421052631578947,0.8648648648648649,0.9138755980861243,0.9447522314558325,,,
scenario11_original_demo_only,11,113,Random Forest,159,41,target_plus_cohort,0.8780487804878049,0.8888888888888888,0.8421052631578947,0.8648648648648649,0.8899521531100478,0.937977163705155,,,
scenario11_original_demo_only,11,113,Gradient Boosting,159,41,target_plus_cohort,0.7317073170731707,0.7,0.7368421052631579,0.717948717948718,0.8325358851674641,0.8578414339283905,,,
scenario11_original_demo_only,11,113,SVM (RBF),159,41,target_plus_cohort,0.7317073170731707,0.7,0.7368421052631579,0.717948717948718,0.8421052631578947,0.8715789473684211,,,
scenario11_original_demo_only,11,114,Logistic Regression,158,42,target_plus_cohort,0.8571428571428571,0.8095238095238095,0.8947368421052632,0.85,0.9130434782608696,0.9119479733817302,,,
scenario11_original_demo_only,11,114,Random Forest,158,42,target_plus_cohort,0.8809523809523809,0.8888888888888888,0.8421052631578947,0.8648648648648649,0.862700228832952,0.8670993484494629,,,
scenario11_original_demo_only,11,114,Gradient Boosting,158,42,target_plus_cohort,0.8809523809523809,0.8888888888888888,0.8421052631578947,0.8648648648648649,0.8947368421052632,0.9242531616397315,,,
scenario11_original_demo_only,11,114,SVM (RBF),158,42,target_plus_cohort,0.8095238095238095,0.7391304347826086,0.8947368421052632,0.8095238095238095,0.8627002288329519,0.8724741696137577,,,
scenario11_original_demo_only,11,115,Logistic Regression,159,41,target_plus_cohort,0.8292682926829268,0.7407407407407407,1.0,0.851063829787234,0.8547619047619047,0.8412708869230607,,,
scenario11_original_demo_only,11,115,Random Forest,159,41,target_plus_cohort,0.8048780487804879,0.8,0.8,0.8,0.8047619047619049,0.8361016555753398,,,
scenario11_original_demo_only,11,115,Gradient Boosting,159,41,target_plus_cohort,0.7073170731707317,0.6818181818181818,0.75,0.7142857142857143,0.7571428571428571,0.807982387982388,,,
scenario11_original_demo_only,11,115,SVM (RBF),159,41,target_plus_cohort,0.7560975609756098,0.7083333333333334,0.85,0.7727272727272727,0.8428571428571429,0.8422105672105673,,,
scenario11_original_demo_only,11,116,Logistic Regression,157,43,target_plus_cohort,0.8837209302325582,0.8076923076923077,1.0,0.8936170212765957,0.9285714285714286,0.9144660894660894,,,
scenario11_original_demo_only,11,116,Random Forest,157,43,target_plus_cohort,0.8837209302325582,0.8076923076923077,1.0,0.8936170212765957,0.948051948051948,0.9401309008451865,,,
scenario11_original_demo_only,11,116,Gradient Boosting,157,43,target_plus_cohort,0.8372093023255814,0.7916666666666666,0.9047619047619048,0.8444444444444444,0.8571428571428571,0.8437392633821205,,,
scenario11_original_demo_only,11,116,SVM (RBF),157,43,target_plus_cohort,0.9302325581395349,0.875,1.0,0.9333333333333333,0.9415584415584416,0.9342221270792699,,,
scenario11_original_demo_only,11,117,Logistic Regression,156,44,target_plus_cohort,0.8409090909090909,0.9411764705882353,0.7272727272727273,0.8205128205128205,0.8512396694214877,0.912537178326652,,,
scenario11_original_demo_only,11,117,Random Forest,156,44,target_plus_cohort,0.7954545454545454,0.8421052631578947,0.7272727272727273,0.7804878048780488,0.7851239669421488,0.8728094940909588,,,
scenario11_original_demo_only,11,117,Gradient Boosting,156,44,target_plus_cohort,0.7954545454545454,0.8421052631578947,0.7272727272727273,0.7804878048780488,0.8264462809917356,0.8891902215431629,,,
scenario11_original_demo_only,11,117,SVM (RBF),156,44,target_plus_cohort,0.7954545454545454,0.8421052631578947,0.7272727272727273,0.7804878048780488,0.8347107438016529,0.8897262390403522,,,
scenario11_original_demo_only,11,118,Logistic Regression,160,40,target_plus_cohort,0.875,0.7916666666666666,1.0,0.8837209302325582,1.0,1.0,,,
scenario11_original_demo_only,11,118,Random Forest,160,40,target_plus_cohort,0.9,0.8260869565217391,1.0,0.9047619047619048,0.9949874686716792,0.9947368421052631,,,
scenario11_original_demo_only,11,118,Gradient Boosting,160,40,target_plus_cohort,0.8,0.7037037037037037,1.0,0.8260869565217391,0.9072681704260652,0.9076010733905471,,,
scenario11_original_demo_only,11,118,SVM (RBF),160,40,target_plus_cohort,0.8,0.7037037037037037,1.0,0.8260869565217391,1.0,1.0,,,
scenario11_original_demo_only,11,119,Logistic Regression,158,42,target_plus_cohort,0.8809523809523809,0.8,1.0,0.8888888888888888,0.9522727272727273,0.9441893095911132,,,
scenario11_original_demo_only,11,119,Random Forest,158,42,target_plus_cohort,0.8809523809523809,0.8,1.0,0.8888888888888888,0.9840909090909091,0.9808009607351712,,,
scenario11_original_demo_only,11,119,Gradient Boosting,158,42,target_plus_cohort,0.7857142857142857,0.7619047619047619,0.8,0.7804878048780488,0.8772727272727272,0.83965637221072,,,
scenario11_original_demo_only,11,119,SVM (RBF),158,42,target_plus_cohort,0.9285714285714286,0.8695652173913043,1.0,0.9302325581395349,0.9386363636363636,0.9243310099959715,,,
scenario11_original_demo_only,11,120,Logistic Regression,160,40,target_plus_cohort,0.925,1.0,0.8421052631578947,0.9142857142857143,0.9849624060150376,0.9856459330143541,,,
scenario11_original_demo_only,11,120,Random Forest,160,40,target_plus_cohort,0.825,0.8333333333333334,0.7894736842105263,0.8108108108108109,0.8897243107769424,0.9167403803626714,,,
scenario11_original_demo_only,11,120,Gradient Boosting,160,40,target_plus_cohort,0.825,0.8333333333333334,0.7894736842105263,0.8108108108108109,0.8822055137844611,0.8659528135707809,,,
scenario11_original_demo_only,11,120,SVM (RBF),160,40,target_plus_cohort,0.825,0.875,0.7368421052631579,0.8,0.9147869674185464,0.9288590037629445,,,
scenario11_original_demo_only,11,121,Logistic Regression,158,42,target_plus_cohort,0.8333333333333334,0.8181818181818182,0.8571428571428571,0.8372093023255814,0.9274376417233561,0.9150188964474678,,,
scenario11_original_demo_only,11,121,Random Forest,158,42,target_plus_cohort,0.7857142857142857,0.875,0.6666666666666666,0.7567567567567568,0.9070294784580499,0.90717377860235,,,
scenario11_original_demo_only,11,121,Gradient Boosting,158,42,target_plus_cohort,0.6428571428571429,0.6875,0.5238095238095238,0.5945945945945946,0.8367346938775511,0.8124727124727125,,,
scenario11_original_demo_only,11,121,SVM (RBF),158,42,target_plus_cohort,0.7380952380952381,0.8571428571428571,0.5714285714285714,0.6857142857142857,0.8435374149659864,0.8420345916144235,,,
scenario11_original_demo_only,11,122,Logistic Regression,157,43,target_plus_cohort,0.9069767441860465,0.8333333333333334,1.0,0.9090909090909091,0.9478260869565217,0.9451515151515151,,,
scenario11_original_demo_only,11,122,Random Forest,157,43,target_plus_cohort,0.8604651162790697,0.8888888888888888,0.8,0.8421052631578947,0.9391304347826087,0.9421356421356422,,,
scenario11_original_demo_only,11,122,Gradient Boosting,157,43,target_plus_cohort,0.7674418604651163,0.7272727272727273,0.8,0.7619047619047619,0.8695652173913043,0.8630662964486494,,,
scenario11_original_demo_only,11,122,SVM (RBF),157,43,target_plus_cohort,0.8604651162790697,0.8181818181818182,0.9,0.8571428571428571,0.9043478260869565,0.8897943722943722,,,
scenario11_original_demo_only,11,123,Logistic Regression,162,38,target_plus_cohort,0.8157894736842105,0.8095238095238095,0.85,0.8292682926829268,0.8638888888888889,0.8803445165945165,,,
scenario11_original_demo_only,11,123,Random Forest,162,38,target_plus_cohort,0.7368421052631579,0.8125,0.65,0.7222222222222222,0.8833333333333333,0.9125680770842061,,,
scenario11_original_demo_only,11,123,Gradient Boosting,162,38,target_plus_cohort,0.7368421052631579,0.8125,0.65,0.7222222222222222,0.8305555555555556,0.86427707856598,,,
scenario11_original_demo_only,11,123,SVM (RBF),162,38,target_plus_cohort,0.7631578947368421,0.8666666666666667,0.65,0.7428571428571429,0.8555555555555555,0.8675618478113941,,,
scenario11_original_demo_only,11,124,Logistic Regression,160,40,target_plus_cohort,0.8,0.7142857142857143,1.0,0.8333333333333334,0.95,0.950214667102539,,,
scenario11_original_demo_only,11,124,Random Forest,160,40,target_plus_cohort,0.8,0.7142857142857143,1.0,0.8333333333333334,0.93,0.9319429181929181,,,
scenario11_original_demo_only,11,124,Gradient Boosting,160,40,target_plus_cohort,0.75,0.6666666666666666,1.0,0.8,0.9275,0.9410663410663409,,,
scenario11_original_demo_only,11,124,SVM (RBF),160,40,target_plus_cohort,0.75,0.6666666666666666,1.0,0.8,0.94,0.9392342749456762,,,
scenario11_original_demo_only,11,125,Logistic Regression,157,43,target_plus_cohort,0.8604651162790697,1.0,0.7,0.8235294117647058,0.8782608695652174,0.9075594656239818,,,
scenario11_original_demo_only,11,125,Random Forest,157,43,target_plus_cohort,0.7209302325581395,0.8333333333333334,0.5,0.625,0.8043478260869565,0.8327262040223995,,,
scenario11_original_demo_only,11,125,Gradient Boosting,157,43,target_plus_cohort,0.7441860465116279,0.8,0.6,0.6857142857142857,0.7630434782608696,0.7912127940607137,,,
scenario11_original_demo_only,11,125,SVM (RBF),157,43,target_plus_cohort,0.627906976744186,0.625,0.5,0.5555555555555556,0.7869565217391304,0.8114458874458874,,,
scenario11_original_demo_only,11,126,Logistic Regression,158,42,target_plus_cohort,0.9285714285714286,0.9,0.9473684210526315,0.9230769230769231,0.977116704805492,0.9727652464494569,,,
scenario11_original_demo_only,11,126,Random Forest,158,42,target_plus_cohort,0.7619047619047619,1.0,0.47368421052631576,0.6428571428571429,0.931350114416476,0.9337419403208878,,,
scenario11_original_demo_only,11,126,Gradient Boosting,158,42,target_plus_cohort,0.6190476190476191,0.6,0.47368421052631576,0.5294117647058824,0.7940503432494279,0.699400976093171,,,
scenario11_original_demo_only,11,126,SVM (RBF),158,42,target_plus_cohort,0.6904761904761905,0.6666666666666666,0.631578947368421,0.6486486486486487,0.8260869565217391,0.8286143398197727,,,
scenario11_original_demo_only,11,127,Logistic Regression,159,41,target_plus_cohort,0.9024390243902439,1.0,0.8095238095238095,0.8947368421052632,0.938095238095238,0.9548654244306418,,,
scenario11_original_demo_only,11,127,Random Forest,159,41,target_plus_cohort,0.7317073170731707,0.9166666666666666,0.5238095238095238,0.6666666666666666,0.8238095238095238,0.8943738314039065,,,
scenario11_original_demo_only,11,127,Gradient Boosting,159,41,target_plus_cohort,0.7073170731707317,0.8,0.5714285714285714,0.6666666666666666,0.7642857142857143,0.8277090814242517,,,
scenario11_original_demo_only,11,127,SVM (RBF),159,41,target_plus_cohort,0.7073170731707317,0.8461538461538461,0.5238095238095238,0.6470588235294118,0.8047619047619048,0.8629019803213352,,,
scenario11_original_demo_only,11,128,Logistic Regression,158,42,target_plus_cohort,0.7857142857142857,0.7307692307692307,0.9047619047619048,0.8085106382978723,0.8299319727891157,0.8336242461242461,,,
scenario11_original_demo_only,11,128,Random Forest,158,42,target_plus_cohort,0.8333333333333334,0.85,0.8095238095238095,0.8292682926829268,0.9047619047619048,0.9177669552669553,,,
scenario11_original_demo_only,11,128,Gradient Boosting,158,42,target_plus_cohort,0.7380952380952381,0.75,0.7142857142857143,0.7317073170731707,0.8480725623582767,0.8919501133786848,,,
scenario11_original_demo_only,11,128,SVM (RBF),158,42,target_plus_cohort,0.7857142857142857,0.7307692307692307,0.9047619047619048,0.8085106382978723,0.8276643990929705,0.8416906622788977,,,
scenario11_original_demo_only,11,129,Logistic Regression,158,42,target_plus_cohort,0.8809523809523809,0.8571428571428571,0.9,0.8780487804878049,0.9090909090909091,0.8813253722541649,,,
scenario11_original_demo_only,11,129,Random Forest,158,42,target_plus_cohort,0.8095238095238095,0.75,0.9,0.8181818181818182,0.9136363636363636,0.9412698412698411,,,
scenario11_original_demo_only,11,129,Gradient Boosting,158,42,target_plus_cohort,0.7857142857142857,0.72,0.9,0.8,0.8477272727272727,0.8805707070707071,,,
scenario11_original_demo_only,11,129,SVM (RBF),158,42,target_plus_cohort,0.7857142857142857,0.7619047619047619,0.8,0.7804878048780488,0.8999999999999999,0.9023523482619593,,,
